"X...ID";"ClassNr";"Grade";"Sex";"AgeW1";"ETH01";"ETH03";"EduLevel";"StateW16";"TypeD1";"AWB01W14";"CWB01W14";"MPT01W14";"INTGDW1";"INTGFW1";"INTGMW1";"INPD1W1";"INAD1W1";"INPD2W1";"INAD2W1";"INPF1W1";"INAF1W1";"INPF2W1";"INAF2W1";"INAL0W1";"INC01W13";"INF01W1";"INF02W1";"FBI01W1R";"FBI02W1";"IFI01W1";"IFI02W1";"FNr01W1";"NCompletedE1";"NCompletedE2";"donated";"DDPcomp";"intended";"numcompl";"PAF";"NAF";"SEEW14";"LONW14";"SRT14";"SCPW1";"MPSW1";"FQW1";"PRW14";"PMKW14";"ADSW14"
221;"3";"8";"Meisje";13.35247;"Nederland";"Nederlander";"Vwo (Atheneum/Gymnasium)";"completed";NA;4;5;"Ik heb een iPhone";"7 keer  per week";5;50;"7 dagen";"1 dag";"1 dag";"1 dag";6;1;1;1;NA;"multiple";994;4;7;6;4;4;5;111;95;0;1;1;94;3.85714285714286;3;4.5;1;3.33333333333333;3.66666666666667;2.6;4.25;2;3;2
18;"19";"8";"Meisje";13.26772;"Nederland";"Nederlander";"Vmbo";"completed";NA;7;1;"Ik heb een iPhone";"7 keer  per week";7;30;"7 dagen";"7 dagen";"Nooit";"7 dagen";7;1;1;2;"INAL3W1";"one";400;4;7;6;4;4;5;123;121;0;1;0;100;3.57142857142857;1.71428571428571;4.5;1;3.55555555555556;4;3;5;2;2.25;1
303;"2";"8";"Meisje";13.84823;"Nederland";"Nederlander";"Vwo (Atheneum/Gymnasium)";"completed";"smallgroup";6;9;"Ik heb een iPhone";"7 keer  per week";10;120;"7 dagen";"1 dag";"4 dagen";"6 dagen";8;1;1;5;NA;"none";308;1;7;7;2;3;15;61;82;1;1;1;81;4.57142857142857;1.42857142857143;4.5;1.6;3;2.33333333333333;2.2;5;3;3.25;2
129;"4";"8";"Meisje";13.26795;"Nederland";"Nederlander";"Havo";"completed";"other";4;8;"Ik heb een Android (bijv. Samsung, Motorla, Huawei)";"5 keer  per week";3;5;"Nooit";"Nooit";"Nooit";"Nooit";0;0;0;0;"INAL1W1,INAL2W1,INAL3W1,INAL4W1";"none";229;3;NA;NA;5;3;5;92;104;1;1;1;100;2.85714285714286;2;2.75;1.8;3.88888888888889;4.33333333333333;2;5;4;4.5;1.5
268;"13";"8";"Jongen";13.7636;"Nederland";"Nederlander";"Vmbo";"completed";NA;7;1;"Ik heb een Android (bijv. Samsung, Motorla, Huawei)";"7 keer  per week";6;20;"7 dagen";"1 dag";"1 dag";"1 dag";5;1;1;1;NA;"multiple";560;4;7;5;5;3;20;94;NA;0;1;0;88;4.14285714285714;1.28571428571429;4.25;1;3.11111111111111;5.33333333333333;3.4;4.75;2;2.75;1
90;"16";"8";"Meisje";13.26829;"Nederland";"Nederlander";"Vmbo";"completed";NA;7;1;"Ik heb een Android (bijv. Samsung, Motorla, Huawei)";"4 keer  per week";3;5;"2 dagen";"1 dag";"Nooit";"Nooit";2;2;0;0;"INAL3W1";"none";141;1;7;6;1;1;18;116;97;0;1;1;100;5;1.14285714285714;5;1.8;4.55555555555556;1;1;5;2;5;1
51;"3";"8";"Meisje";13.01573;"Nederland";"Nederlander";"Vwo (Atheneum/Gymnasium)";"completed";"smallgroup";5;6;"Ik heb een Android (bijv. Samsung, Motorla, Huawei)";"7 keer  per week";2;20;"7 dagen";"Nooit";"Nooit";"Nooit";2;0;0;0;"INAL2W1";"none";35;1;NA;NA;2;1;5;102;114;1;1;1;100;3.28571428571429;2.42857142857143;2.75;3.2;3.66666666666667;5.33333333333333;1.8;3.5;2;2;2
311;"19";"8";"Meisje";13.18285;"Nederland";"Nederlander";"Vmbo";"completed";NA;6;8;"Ik heb een iPhone";"7 keer  per week";2;5;"7 dagen";"3 dagen";"7 dagen";"2 dagen";3;1;2;1;NA;"multiple";550;3;7;6;4;3;15;55;54;0;1;0;87;4.14285714285714;2.28571428571429;3.75;1.2;3;3;2.8;4.25;4;3;2.25
132;"20";"8";"Jongen";13.76338;"Nederland";"Nederlander";"Vwo (Atheneum/Gymnasium)";"completed";NA;6;1;"Ik heb een iPhone";"7 keer  per week";2;10;"7 dagen";"Nooit";"Nooit";"Nooit";2;0;0;0;"INAL5W1";"none";150;1;NA;NA;NA;NA;6;109;104;0;1;0;93;4;2;4.5;1;3.33333333333333;1.33333333333333;1.4;4;2;2.5;3
12;"27";"8";"Jongen";13.76348;"Nederland";"Nederlander";"Havo";"completed";NA;6;8;"Ik heb een Android (bijv. Samsung, Motorla, Huawei)";"7 keer  per week";2;30;"7 dagen";"Nooit";"Nooit";"Nooit";2;0;0;0;"INAL3W1,INAL4W1";"none";150;1;NA;NA;1;1;30;113;111;0;1;0;94;4;1.28571428571429;4.5;1.2;3.77777777777778;1;2;4.5;4;2.75;1.25
168;"25";"8";"Jongen";14.01563;"Nederland";"Nederlander";"Vmbo";"completed";NA;7;1;"Ik heb een Android (bijv. Samsung, Motorla, Huawei)";"Minder dan  1 dag  per week";2;10;"Nooit";"Nooit";"2 dagen";"1 dag";0;0;1;1;"INAL1W1";"one";200;1;8;NA;2;1;5;101;29;0;1;0;94;4.71428571428571;1.57142857142857;5;1;3.33333333333333;2.33333333333333;2.8;5;4;4.5;1.5
163;"16";"8";"Meisje";13.10129;"Nederland";"Nederlander";"Vmbo";"completed";"smallgroup";7;1;"Ik heb een Android (bijv. Samsung, Motorla, Huawei)";"7 keer  per week";4;30;"6 dagen";"1 dag";"1 dag";"2 dagen";2;1;1;1;NA;"none";480;2;8;NA;4;2;5;98;64;1;1;1;100;3.85714285714286;2;4.75;1.2;3.55555555555556;3;2.2;4;2;2.75;3
360;"3";"8";"Meisje";13.60163;"Nederland";"Nederlander";"Vwo (Atheneum/Gymnasium)";"completed";"other";6;8;"Ik heb een Android (bijv. Samsung, Motorla, Huawei)";"7 keer  per week";4;30;"7 dagen";"1 dag";"7 dagen";"7 dagen";4;1;2;2;NA;"multiple";400;1;7;7;1;1;3;75;70;1;1;1;100;3.71428571428571;2.28571428571429;4.5;2.8;3.33333333333333;2;1.8;5;3;3;1
95;"19";"8";"Meisje";13.93302;"Nederland";"Nederlander";"Vmbo";"completed";"public";7;1;"Ik heb een Android (bijv. Samsung, Motorla, Huawei)";"7 keer  per week";5;60;"7 dagen";"1 dag";"1 dag";"2 dagen";10;2;5;10;NA;"multiple";900;1;9;7;7;1;12;119;95;1;1;1;95;4.14285714285714;1;5;1;4.55555555555556;1;2.8;4.75;3;4;1
322;"4";"8";"Jongen";13.10094;"Nederland";"Nederlander";"Havo";"completed";NA;5;6;"Ik heb een Android (bijv. Samsung, Motorla, Huawei)";"7 keer  per week";2;15;"7 dagen";"Nooit";"Nooit";"Nooit";2;0;0;0;"INAL2W1";"none";150;1;NA;NA;4;1;10;81;50;0;1;0;88;3.71428571428571;1.42857142857143;4.75;1.6;4;2.66666666666667;2;4.75;5;3.75;2.25
111;"3";"8";"Meisje";13.51949;"Nederland";"Nederlander";"Havo";"completed";NA;6;9;"Ik heb een Android (bijv. Samsung, Motorla, Huawei)";"7 keer  per week";4;30;"7 dagen";"1 dag";"Nooit";"1 dag";2;1;0;1;"INAL3W1";"one";450;3;7;5;5;6;11;92;90;0;1;0;90;4.28571428571429;2.85714285714286;4.75;4.2;3.22222222222222;3.33333333333333;2.6;4;2;3.25;1
358;"15";"8";"Meisje";13.18285;"Nederland";"Nederlander";"Vwo (Atheneum/Gymnasium)";"completed";NA;7;1;"Ik heb een iPhone";"7 keer  per week";20;120;"7 dagen";"3 dagen";"1 dag";"5 dagen";50;1;1;5;NA;"multiple";600;2;6;4;4;2;20;58;58;0;1;0;94;2.42857142857143;2.85714285714286;4.5;2;2.44444444444444;2.66666666666667;3.8;3;3;2.5;3.25
157;"2";"8";"Meisje";13.35272;"Nederland";"Nederlander";"Vwo (Atheneum/Gymnasium)";"completed";"other";5;8;"Ik heb een iPhone";"7 keer  per week";5;60;"6 dagen";"Nooit";"1 dag";"3 dagen";3;0;1;1;"INAL2W1";"multiple";420;2;6;3;3;2;6;119;116;1;1;1;100;2.71428571428571;2.14285714285714;3.75;1.4;3.66666666666667;3.66666666666667;2;4.25;1;3;1.5
17;"3";"8";"Meisje";13.35248;"Nederland";"Nederlander";"Vwo (Atheneum/Gymnasium)";"completed";"smallgroup";4;5;"Ik heb een iPhone";"7 keer  per week";3;60;"7 dagen";"1 dag";"7 dagen";"7 dagen";3;1;4;4;NA;"none";305;1;7;7;4;1;5;116;116;1;1;1;100;2.57142857142857;3.28571428571429;2;2.6;3.66666666666667;1.66666666666667;2;4;3;2.25;4.5
188;"20";"8";"Jongen";13.26782;"Nederland";"Nederlander";"Vwo (Atheneum/Gymnasium)";"completed";NA;6;9;"Ik heb een Android (bijv. Samsung, Motorla, Huawei)";"7 keer  per week";5;30;"7 dagen";"Nooit";"Nooit";"Nooit";5;0;0;0;"INAL2W1";"none";400;1;NA;NA;2;1;6;114;118;0;1;1;100;3.57142857142857;2.14285714285714;4.5;1;3.55555555555556;4;2.2;4.5;1;3;1
63;"27";"8";"Jongen";13.18327;"Nederland";"Nederlander";"Havo";"completed";NA;5;8;"Ik heb een Android (bijv. Samsung, Motorla, Huawei)";"7 keer  per week";4;30;"6 dagen";"Nooit";"7 dagen";"2 dagen";2;1;1;1;"INAL2W1";"none";240;2;8;NA;4;4;12;121;112;0;1;0;100;4.57142857142857;1.28571428571429;4.25;1.8;3.55555555555556;2.66666666666667;2;4.75;4;3;2.5
300;"27";"8";"Jongen";14.01547;"Nederland";"Nederlander";"Havo";"completed";NA;6;9;"Ik heb een Android (bijv. Samsung, Motorla, Huawei)";"7 keer  per week";5;20;"1 dag";"Nooit";"Nooit";"1 dag";4;0;0;1;"INAL2W1,INAL3W1";"none";430;1;7;7;2;1;9;91;91;0;1;0;100;4.57142857142857;1.42857142857143;4.5;1;4;1;2;3.25;4;2;1
169;"13";"8";"Jongen";14.3524;"Nederland";"Nederlander";"Vmbo";"completed";NA;6;9;"Ik heb een Android (bijv. Samsung, Motorla, Huawei)";"Nooit";0;0;"7777";"7777";"7777";"9999";7777;7777;7777;7777;NA;"none";7777;NA;NA;NA;NA;NA;5;79;83;0;1;0;94;3.85714285714286;1.57142857142857;4.75;2.4;3.11111111111111;2.66666666666667;1.8;4.25;1;3.5;1
69;"16";"8";"Meisje";14.1006;"Nederland";"Nederlander";"Vmbo";"completed";NA;6;8;"Ik heb een iPhone";"7 keer  per week";10;30;"7 dagen";"Nooit";"Nooit";"1 dag";5;0;0;1;"INAL2W1,INAL3W1";"none";800;1;9;5;5;1;20;91;85;0;1;0;81;3.42857142857143;1.42857142857143;4.5;1;3.66666666666667;1;2.2;4.5;1;4.5;1.25
40;"16";"8";"Jongen";13.52017;"Nederland";"Nederlander";"Vmbo";"completed";NA;5;7;"Ik heb een Android (bijv. Samsung, Motorla, Huawei)";"7 keer  per week";5;30;"7 dagen";"Nooit";"1 dag";"1 dag";7;0;0;1;"INAL5W1";"one";416;2;7;6;4;4;15;121;118;0;1;0;100;3.71428571428571;2;3.75;1.4;2.77777777777778;3;3;3.5;3;3;1.25
13;"19";"8";"Jongen";14.01517;"Nederland";"Nederlander";"Vmbo";"completed";NA;6;9;"Ik heb een Android (bijv. Samsung, Motorla, Huawei)";"7 keer  per week";3;20;"7 dagen";"1 dag";"Nooit";"Nooit";3;1;0;0;"INAL5W1";"none";100;2;8;NA;3;3;6;108;84;0;1;0;88;3;1.71428571428571;4.5;1;2.44444444444444;3;2.6;3.5;1;3;2
213;"27";"8";"Meisje";13.76349;"Nederland";"Nederlander";"Havo";"completed";NA;5;7;"Ik heb een Android (bijv. Samsung, Motorla, Huawei)";"7 keer  per week";10;45;"7 dagen";"1 dag";"3 dagen";"3 dagen";10;1;3;3;NA;"none";70;1;7;7;4;4;2;87;26;0;1;0;95;4;2.14285714285714;3.5;2;3.66666666666667;2.33333333333333;3.8;4.75;2;3.5;2
183;"13";"8";"Jongen";13.52009;"Nederland";"Nederlander";"Vmbo";"completed";NA;7;9;"Ik heb een iPhone";"7 keer  per week";5;5;"7 dagen";"1 dag";"1 dag";"4 dagen";4;1;1;3;NA;"none";300;4;6;6;6;5;20;99;35;0;1;0;89;4.42857142857143;1.57142857142857;5;1.8;3.11111111111111;2;3;4.5;3;3.75;2
113;"16";"8";"Meisje";13.4353;"Nederland";"Nederlander";"Vmbo";"completed";NA;7;1;"Ik heb een Android (bijv. Samsung, Motorla, Huawei)";"2 keer  per week";2;30;"3 dagen";"1 dag";"Nooit";"Nooit";1;1;0;0;"INAL3W1,INAL4W1";"none";115;1;7;7;1;1;7;93;15;0;1;1;100;3.71428571428571;1.42857142857143;4.5;1.8;4.11111111111111;2.66666666666667;1.6;4.75;3;2.25;1.25
371;"20";"8";"Jongen";13.84832;"Nederland";"Nederlander";"Vwo (Atheneum/Gymnasium)";"attrition";NA;NA;NA;NA;"7 keer  per week";5;30;"7 dagen";"Nooit";"1 dag";"1 dag";5;0;1;1;"INAL2W1";"one";370;3;8;NA;4;4;6;65;NA;0;0;0;44;3.71428571428571;2.14285714285714;NA;NA;NA;4;2.2;4.75;0;NA;NA
175;"16";"8";"Meisje";13.35316;"Nederland";"Nederlander";"Vmbo";"completed";NA;6;8;"Ik heb een Android (bijv. Samsung, Motorla, Huawei)";"7 keer  per week";5;30;"7 dagen";"2 dagen";"4 dagen";"1 dag";5;2;1;1;NA;"one";370;2;7;6;5;3;7;120;106;0;0;1;99;4;1.42857142857143;5;2.4;3.66666666666667;3.33333333333333;1.8;4.5;2;3;1
116;"4";"8";"Meisje";13.35282;"Nederland";"Nederlander";"Havo";"completed";"public";4;5;"Ik heb een Android (bijv. Samsung, Motorla, Huawei)";"7 keer  per week";8;50;"7 dagen";"7 dagen";"7 dagen";"2 dagen";3;2;3;1;NA;"multiple";590;4;6;7;6;4;20;59;111;1;1;1;98;3.42857142857143;2.57142857142857;3;2;3.44444444444444;4.33333333333333;2;5;5;2.75;2
57;"27";"8";"Jongen";13.7636;"Nederland";"Nederlander";"Havo";"completed";"smallgroup";7;1;"Ik heb een Android (bijv. Samsung, Motorla, Huawei)";"Minder dan  1 dag  per week";2;10;"1 dag";"Nooit";"1 dag";"Nooit";1;1;1;1;"INAL2W1,INAL4W1";"none";120;2;NA;NA;1;1;18;49;35;1;1;1;68;4.42857142857143;2.28571428571429;5;2.6;3.66666666666667;4.66666666666667;1.8;4.25;5;3;3
283;"29";"8";"Jongen";14.2675;"Nederland";"Nederlander";"Vmbo";"completed";"other";6;8;"Ik heb een Android (bijv. Samsung, Motorla, Huawei)";"7 keer  per week";5;12;"7 dagen";"Nooit";"Nooit";"1 dag";3;0;0;2;"INAL3W1";"one";350;1;7;6;1;1;13;44;70;1;1;1;92;4.57142857142857;1.57142857142857;4.5;1;3.88888888888889;4;2.2;4.5;3;2;1
315;"16";"8";"Meisje";13.52018;"Nederland";"Nederlander";"Vmbo";"completed";NA;7;1;"Ik heb een Android (bijv. Samsung, Motorla, Huawei)";"7 keer  per week";7;20;"7 dagen";"Nooit";"Nooit";"1 dag";5;0;0;1;"INAL2W1";"none";570;1;9;6;5;2;15;118;106;0;0;1;99;3.42857142857143;1.42857142857143;3.75;1;3.33333333333333;1;1.8;4;1;2;3
374;"3";"8";"Jongen";12.93366;"Nederland";"Nederlander";"Havo";"completed";NA;5;8;"Ik heb een Android (bijv. Samsung, Motorla, Huawei)";"7 keer  per week";5;60;"7 dagen";"1 dag";"1 dag";"1 dag";5;2;5;2;NA;"one";650;2;7;6;1;1;6;104;53;0;1;0;100;3.71428571428571;2.57142857142857;4.25;1;2.77777777777778;2.33333333333333;3.2;4.5;5;3.75;1
171;"15";"8";"Jongen";13.43474;"Nederland";"Nederlander";"Vwo (Atheneum/Gymnasium)";"completed";"smallgroup";6;9;"Ik heb een Android (bijv. Samsung, Motorla, Huawei)";"4 keer  per week";2;5;"2 dagen";"1 dag";"1 dag";"1 dag";2;1;2;1;NA;"none";290;1;8;NA;5;1;9;120;112;1;1;1;100;4;2;4.75;1;3;2.33333333333333;2.2;4.5;2;4;1
19;"4";"8";"Meisje";13.93325;"Nederland";"Nederlander";"Havo";"completed";"public";5;7;"Ik heb een iPhone";"7 keer  per week";4;30;"7 dagen";"1 dag";"2 dagen";"1 dag";3;1;1;1;NA;"none";250;2;6;6;4;4;810;92;85;1;1;1;88;3.28571428571429;1.71428571428571;4.5;1;3.11111111111111;4;2.2;5;5;2.75;2
44;"22";"8";"Meisje";13.43505;"Nederland";"Nederlander";"Havo";"completed";NA;6;8;"Ik heb een iPhone";"5 keer  per week";5;15;"4 dagen";"1 dag";"3 dagen";"2 dagen";5;1;2;1;NA;"none";420;1;6;6;2;2;50;92;98;0;0;1;99;4;1.71428571428571;4.25;1.4;3.88888888888889;3;2.6;4.75;0;4;1.75
235;"3";"8";"Jongen";13.35248;"Nederland";"Nederlander";"Vwo (Atheneum/Gymnasium)";"completed";NA;4;6;"Ik heb een Android (bijv. Samsung, Motorla, Huawei)";"7 keer  per week";2;25;"7 dagen";"Nooit";"Nooit";"1 dag";2;0;0;3;"INAL3W1";"none";400;1;9;5;4;2;15;105;75;0;1;0;100;3.57142857142857;2.42857142857143;3.5;2.2;3.33333333333333;2;2;4.5;2;2.25;2
66;"15";"8";"Jongen";13.26773;"Nederland";"Nederlander";"Vwo (Atheneum/Gymnasium)";"completed";"smallgroup";7;1;"Ik heb een Android (bijv. Samsung, Motorla, Huawei)";"1 keer  per week";1;5;"1 dag";"Nooit";"1 dag";"Nooit";1;0;1;0;"INAL2W1";"none";210;2;NA;NA;3;2;5;108;97;1;1;1;100;4.71428571428571;1.14285714285714;5;1;4.77777777777778;1.66666666666667;1.4;4.25;2;3.75;1
102;"4";"8";"Jongen";13.18304;"Nederland";"Nederlander";"Havo";"completed";"public";3;4;"Ik heb een Android (bijv. Samsung, Motorla, Huawei)";"7 keer  per week";6;60;"7 dagen";"1 dag";"2 dagen";"3 dagen";4;1;3;3;NA;"none";250;4;6;5;4;5;10;83;70;1;1;1;100;3.42857142857143;2.85714285714286;3;1.8;2;6.33333333333333;3.2;3.25;5;1.75;4
106;"22";"8";"Meisje";13.68693;"Nederland";"Nederlander";"Havo";"completed";NA;6;7;"Ik heb een Android (bijv. Samsung, Motorla, Huawei)";"7 keer  per week";5;60;"7 dagen";"1 dag";"1 dag";"Nooit";5;1;1;0;"INAL4W1";"one";620;3;6;6;4;4;3;119;114;0;0;1;99;3.85714285714286;2.57142857142857;3.25;3;3.33333333333333;3;3;4.5;0;2.5;1
200;"3";"8";"Meisje";13.84802;"Nederland";"Nederlander";"Havo";"completed";NA;6;9;"Ik heb een iPhone";"7 keer  per week";3;30;"7 dagen";"1 dag";"2 dagen";"2 dagen";3;1;1;1;NA;"one";450;4;7;7;6;3;15;110;105;0;1;0;100;4;1.85714285714286;4.5;1;3.77777777777778;4;2;5;3;3;1
353;"15";"8";"Meisje";14.26704;"Nederland";"Nederlander";"Vwo (Atheneum/Gymnasium)";"completed";NA;5;6;"Ik heb een iPhone";"7 keer  per week";10;30;"7 dagen";"1 dag";"4 dagen";"4 dagen";10;1;2;2;NA;"one";400;4;6;6;5;5;15;107;75;0;1;0;100;3.42857142857143;1.57142857142857;3.75;1.8;3.55555555555556;5.33333333333333;2.6;4.5;1;2.25;1.5
226;"2";"8";"Meisje";13.60186;"Nederland";"Nederlander";"Vwo (Atheneum/Gymnasium)";"completed";NA;6;9;"Ik heb een Android (bijv. Samsung, Motorla, Huawei)";"7 keer  per week";3;15;"7 dagen";"Nooit";"1 dag";"Nooit";4;0;1;0;"INAL2W1,INAL4W1";"none";190;3;NA;NA;5;4;12;107;109;0;1;0;100;3.85714285714286;1.85714285714286;4.5;1.8;4.11111111111111;2.66666666666667;2.2;4.5;3;3.75;1.25
104;"4";"8";"Jongen";13.84837;"Nederland";"Nederlander";"Havo";"completed";NA;6;7;"Ik heb een Android (bijv. Samsung, Motorla, Huawei)";"7 keer  per week";1;5;"7 dagen";"Nooit";"Nooit";"Nooit";1;0;0;0;"INAL3W1";"none";100;1;NA;NA;NA;NA;10;105;116;0;1;0;100;3.57142857142857;1.14285714285714;4;1;3.77777777777778;3;2;4.5;1;2.5;1
255;"22";"8";"Meisje";14.35223;"Nederland";"Nederlander";"Havo";"completed";NA;3;4;"Ik heb een iPhone";"7 keer  per week";5;20;"Nooit";"1 dag";"7 dagen";"7 dagen";0;0;1;1;"INAL5W1";"multiple";2000;4;6;6;4;4;20;70;3;0;0;0;98;3;2.57142857142857;3;3.6;2.88888888888889;4.33333333333333;2.2;4;2;3.5;3.25
195;"13";"8";"Meisje";13.60224;"Nederland";"Nederlander";"Vmbo";"completed";NA;7;1;"Ik heb een iPhone";"7 keer  per week";2;10;"7 dagen";"Nooit";"Nooit";"1 dag";2;0;0;1;"INAL3W1";"one";250;4;8;NA;1;4;2;114;97;0;1;0;100;4.57142857142857;1.14285714285714;5;2;3.66666666666667;2;2.4;5;2;3.5;1
379;"9";"8";"Meisje";13.35317;"Nederland";"Nederlander";"Vmbo";"completed";NA;5;8;"Ik heb een Android (bijv. Samsung, Motorla, Huawei)";"4 keer  per week";3;10;"7 dagen";"1 dag";"2 dagen";"3 dagen";2;1;1;2;NA;"multiple";200;1;7;7;4;1;7;99;40;0;0;1;69;4.42857142857143;2.71428571428571;3.75;2.8;2.88888888888889;2.66666666666667;2.4;4.5;4;2.5;2.5
336;"15";"8";"Meisje";14.01515;"Nederland";"Nederlander";"Vwo (Atheneum/Gymnasium)";"completed";NA;6;8;"Ik heb een iPhone";"7 keer  per week";6;75;"7 dagen";"Nooit";"1 dag";"1 dag";6;0;2;2;"INAL5W1";"none";100;1;4;4;5;4;7;120;121;0;1;0;100;3.71428571428571;2.57142857142857;3.25;2.8;3.11111111111111;5;2.8;3.5;0;3;1.5
263;"2";"8";"Meisje";13.43484;"Nederland";"Nederlander";"Vwo (Atheneum/Gymnasium)";"completed";NA;7;1;"Ik heb een iPhone";"7 keer  per week";7;35;"7 dagen";"1 dag";"3 dagen";"4 dagen";7;1;2;5;NA;"one";200;3;7;6;4;3;11;83;86;0;1;0;100;3.57142857142857;1.85714285714286;4.25;2;3.88888888888889;2;2.4;4.5;0;4;1.25
75;"4";"8";"Meisje";14.01538;"Nederland";"Nederlander";"Havo";"completed";"other";6;8;"Ik heb een iPhone";"7 keer  per week";4;5;"7 dagen";"2 dagen";"7 dagen";"2 dagen";4;2;3;1;NA;"one";538;1;6;6;4;1;9;117;109;1;1;1;100;4;2.71428571428571;3.75;1.6;4;3.66666666666667;2;5;3;4;1
142;"22";"8";"Meisje";13.26805;"Nederland";"Nederlander";"Havo";"completed";NA;7;9;"Ik heb een iPhone";"7 keer  per week";8;60;"7 dagen";"Nooit";"Nooit";"2 dagen";6;0;0;1;"INAL2W1,INAL3W1";"none";400;4;8;NA;5;4;2;94;81;0;0;1;98;3.14285714285714;2.42857142857143;3.75;1.2;3.55555555555556;5.33333333333333;1.8;4.25;4;3.5;2
178;"20";"8";"Jongen";13.84826;"Nederland";"Nederlander";"Vwo (Atheneum/Gymnasium)";"completed";"public";6;8;"Ik heb een Android (bijv. Samsung, Motorla, Huawei)";"6 keer  per week";3;30;"7 dagen";"Nooit";"1 dag";"Nooit";3;0;1;0;"INAL5W1";"none";250;1;NA;NA;NA;NA;6;113;114;1;0;1;99;3.57142857142857;2.42857142857143;4.25;1;3.88888888888889;2;2;4.5;5;2;2
346;"4";"8";"Meisje";15.43356;"Anders";"Anders";"Havo";"completed";"other";4;5;"Ik heb een iPhone";"2 keer  per week";1;13;"2 dagen";"Nooit";"2 dagen";"Nooit";2;0;2;0;"INAL2W1";"none";10;2;NA;NA;2;2;2;83;74;1;1;1;88;2.57142857142857;2.57142857142857;2.25;4;3.44444444444444;2.33333333333333;2.2;3.5;4;2.75;3.5
261;"25";"8";"Jongen";14.35237;"Nederland";"Nederlander";"Vmbo";"completed";NA;7;9;"Ik heb een Android (bijv. Samsung, Motorla, Huawei)";"7 keer  per week";5;15;"7 dagen";"Nooit";"1 dag";"Nooit";5;0;1;0;"INAL2W1";"one";130;2;NA;NA;4;1;5;61;26;0;1;0;100;3.42857142857143;1.57142857142857;4.25;2;3.33333333333333;1.66666666666667;3;4;1;2;2.75
377;"3";"8";"Meisje";13.35247;"Nederland";"Nederlander";"Vwo (Atheneum/Gymnasium)";"completed";"public";6;1;"Ik heb een Android (bijv. Samsung, Motorla, Huawei)";"7 keer  per week";4;60;"7 dagen";"Nooit";"1 dag";"1 dag";6;0;1;1;"INAL2W1";"one";215;1;8;NA;2;1;20;103;105;1;1;1;100;3.71428571428571;3.28571428571429;4.5;1.6;3.88888888888889;1;1.8;4.5;3;4.75;1.5
23;"20";"8";"Meisje";13.01584;"Nederland";"Nederlander";"Vwo (Atheneum/Gymnasium)";"completed";"smallgroup";7;1;"Ik heb een Android (bijv. Samsung, Motorla, Huawei)";"3 keer  per week";2;7;"1 dag";"Nooit";"Nooit";"Nooit";1;0;0;0;"INAL2W1,INAL3W1,INAL4W1";"one";270;4;NA;NA;6;5;10;112;111;1;1;1;100;3.14285714285714;1.42857142857143;5;1.4;4.44444444444444;4;1.8;4.25;2;2.75;1
304;"4";"8";"Jongen";13.76352;"Nederland";"Nederlander";"Havo";"completed";"smallgroup";7;1;"Ik heb een Android (bijv. Samsung, Motorla, Huawei)";"6 keer  per week";3;10;"4 dagen";"1 dag";"1 dag";"1 dag";2;1;1;1;NA;"none";150;1;6;7;2;2;4;113;102;1;1;1;100;4.42857142857143;1.57142857142857;5;1;4.77777777777778;1.66666666666667;1.2;3.75;4;2.75;1
307;"20";"8";"Meisje";13.4346;"Nederland";"Nederlander";"Vwo (Atheneum/Gymnasium)";"completed";NA;5;7;"Ik heb een Android (bijv. Samsung, Motorla, Huawei)";"7 keer  per week";5;20;"7 dagen";"Nooit";"1 dag";"1 dag";5;0;1;1;"INAL2W1";"none";150;3;8;NA;7;5;12;112;113;0;1;0;100;3.85714285714286;2.14285714285714;4.5;1;3.22222222222222;2.66666666666667;2.2;4.5;1;3;1.5
55;"15";"8";"Meisje";13.84815;"Nederland";"Nederlander";"Vwo (Atheneum/Gymnasium)";"completed";"smallgroup";6;8;"Ik heb een Android (bijv. Samsung, Motorla, Huawei)";"7 keer  per week";8;45;"7 dagen";"Nooit";"2 dagen";"2 dagen";8;0;2;2;"INAL2W1";"none";398;3;6;5;4;4;8;108;105;1;0;1;93;4.85714285714286;1.42857142857143;3.75;2.2;3.66666666666667;2.66666666666667;2.4;3.75;3;2.5;2.75
272;"4";"8";"Meisje";14.10026;"Nederland";"Nederlander";"Havo";"completed";NA;2;2;"Ik heb een iPhone";"7 keer  per week";15;60;"7 dagen";"2 dagen";"Nooit";"Nooit";10;1;0;0;"INAL3W1";"none";420;3;7;6;4;3;4;108;91;0;1;0;100;3.71428571428571;3.28571428571429;3.5;2.8;2.66666666666667;3.66666666666667;2.4;4.75;2;2.25;3.5
237;"25";"8";"Jongen";13.43519;"Nederland";"Nederlander";"Vmbo";"completed";NA;5;6;"Ik heb een Android (bijv. Samsung, Motorla, Huawei)";"3 keer  per week";2;5;"2 dagen";"Nooit";"2 dagen";"1 dag";5;0;5;5;"INAL5W1";"none";150;1;8;NA;1;1;5;89;72;0;1;0;100;3.14285714285714;3.14285714285714;3.5;2.8;3.33333333333333;3;1.6;3;2;2.75;1.5
334;"16";"8";"Jongen";13.76384;"Nederland";"Nederlander";"Vmbo";"attrition";NA;7;1;"Ik heb een Android (bijv. Samsung, Motorla, Huawei)";"7 keer  per week";3;45;"7 dagen";"Nooit";"Nooit";"Nooit";1;0;0;0;"INAL2W1,INAL3W1";"none";304;1;NA;NA;5;4;12;121;42;0;0;0;94;4.57142857142857;1.28571428571429;4.5;1;2.66666666666667;1;2;3.75;0;1;1
162;"3";"8";"Jongen";13.51948;"Nederland";"Nederlander";"Vwo (Atheneum/Gymnasium)";"attrition";NA;NA;NA;NA;"7 keer  per week";6;180;"7 dagen";"1 dag";"1 dag";"1 dag";4;1;1;1;NA;"none";980;3;8;NA;3;1;15;91;NA;0;0;0;78;3.85714285714286;1.85714285714286;NA;NA;NA;2;3;4.5;0;NA;NA
130;"15";"8";"Jongen";14.01516;"Nederland";"Nederlander";"Vwo (Atheneum/Gymnasium)";"completed";"other";6;8;"Ik heb een Android (bijv. Samsung, Motorla, Huawei)";"7 keer  per week";15;30;"7 dagen";"Nooit";"Nooit";"Nooit";10;0;0;0;"INAL5W1";"none";250;1;NA;NA;NA;NA;5;95;99;1;1;1;100;3.85714285714286;1.42857142857143;4.5;1.6;3.44444444444444;2.33333333333333;2.8;3.5;1;2;4
373;"20";"8";"Meisje";13.60182;"Nederland";"Nederlander";"Vwo (Atheneum/Gymnasium)";"completed";NA;6;1;"Ik heb een iPhone";"7 keer  per week";3;15;"7 dagen";"1 dag";"1 dag";"1 dag";3;1;1;1;NA;"none";470;2;7;7;7;2;3;85;28;0;1;0;100;4.14285714285714;1.85714285714286;4.5;1.4;4.33333333333333;2;2.4;4.5;2;4;1
3;"4";"8";"Jongen";13.60197;"Nederland";"Nederlander";"Havo";"completed";NA;6;8;"Ik heb een Android (bijv. Samsung, Motorla, Huawei)";"7 keer  per week";3;20;"7 dagen";"1 dag";"2 dagen";"3 dagen";3;1;1;3;NA;"none";160;2;8;NA;1;3;15;87;103;0;0;1;91;4.28571428571429;1.85714285714286;4.75;2.6;4.22222222222222;2.66666666666667;1.6;3.25;3;1;2
177;"22";"8";"Meisje";13.60206;"Nederland";"Nederlander";"Havo";"completed";NA;6;6;"Ik heb een iPhone";"7 keer  per week";7;70;"7 dagen";"1 dag";"Nooit";"1 dag";3;1;0;1;"INAL3W1";"none";315;4;6;5;6;4;7;113;105;0;1;0;100;3.28571428571429;2.42857142857143;2.5;2.6;3.66666666666667;3.33333333333333;2.8;3.75;1;2.75;2.25
94;"9";"8";"Meisje";13.6872;"Nederland";"Nederlander";"Vmbo";"completed";"public";4;5;"Ik heb een Android (bijv. Samsung, Motorla, Huawei)";"7 keer  per week";12;60;"7 dagen";"2 dagen";"7 dagen";"7 dagen";20;1;6;3;NA;"one";650;1;8;NA;5;1;10;120;79;1;1;1;100;2.57142857142857;2.71428571428571;2.25;1.4;2.66666666666667;2;3.8;4;1;2.25;3.25
29;"20";"8";"Meisje";13.35268;"Nederland";"Nederlander";"Vwo (Atheneum/Gymnasium)";"completed";NA;4;7;"Ik heb een iPhone";"7 keer  per week";7;120;"7 dagen";"1 dag";"7 dagen";"7 dagen";10;2;20;20;NA;"one";500;4;5;4;6;4;2;115;92;0;1;0;100;3.14285714285714;3.85714285714286;3.25;3.4;3.44444444444444;4.66666666666667;2.8;4;3;3;2.25
217;"4";"8";"Meisje";13.84838;"Nederland";"Nederlander";"Havo";"completed";"other";5;8;"Ik heb een iPhone";"7 keer  per week";4;40;"7 dagen";"1 dag";"Nooit";"5 dagen";3;1;0;4;"INAL3W1";"multiple";450;4;6;5;5;3;6;110;87;1;0;1;99;3.57142857142857;2.85714285714286;4.25;1.8;3.22222222222222;2.66666666666667;2.6;3.75;2;3.75;2.25
208;"22";"8";"Meisje";13.60207;"Nederland";"Nederlander";"Havo";"completed";"other";7;1;"Ik heb een iPhone";"7 keer  per week";6;35;"7 dagen";"Nooit";"1 dag";"1 dag";7;0;1;2;"INAL2W1";"one";397;1;8;NA;3;1;5;83;39;1;1;1;78;4.28571428571429;1.57142857142857;3.25;1;4.11111111111111;3.66666666666667;1.4;5;5;4;1
363;"13";"8";"Jongen";14.26752;"Nederland";"Nederlander";"Vmbo";"completed";NA;5;7;"Ik heb een Android (bijv. Samsung, Motorla, Huawei)";"7 keer  per week";10;20;"7 dagen";"1 dag";"7 dagen";"7 dagen";10;1;3;5;NA;"none";100;1;7;7;7;1;6;83;27;0;0;1;100;4.71428571428571;2.85714285714286;4.5;2;3.88888888888889;2.33333333333333;1.8;3.75;5;2.25;2.25
191;"3";"8";"Anders";13.76316;"Nederland";"Nederlander";"Vwo (Atheneum/Gymnasium)";"completed";"smallgroup";4;4;"Ik heb een Android (bijv. Samsung, Motorla, Huawei)";"7 keer  per week";5;150;"7 dagen";"7 dagen";"7 dagen";"7 dagen";4;2;15;6;NA;"multiple";1285;2;5;5;2;1;3;125;126;1;1;1;100;2.71428571428571;3.85714285714286;1.75;3.8;3.11111111111111;2.33333333333333;2.8;4.25;0;2.5;3.5
47;"20";"8";"Jongen";13.26784;"Nederland";"Nederlander";"Vwo (Atheneum/Gymnasium)";"completed";NA;6;8;"Ik heb een Android (bijv. Samsung, Motorla, Huawei)";"7 keer  per week";6;5;"7 dagen";"Nooit";"6 dagen";"5 dagen";6;0;3;4;"INAL2W1";"none";210;1;8;NA;1;1;18;123;115;0;1;0;85;3.71428571428571;1.57142857142857;5;1;3.88888888888889;1.33333333333333;2;4.75;0;2.75;3
259;"22";"8";"Meisje";13.68694;"Nederland";"Nederlander";"Havo";"completed";NA;7;1;"Ik heb een Android (bijv. Samsung, Motorla, Huawei)";"7 keer  per week";3;90;"7 dagen";"Nooit";"Nooit";"4 dagen";2;0;0;2;"INAL2W1";"multiple";500;4;6;5;4;3;3;118;101;0;1;1;100;3.42857142857143;2.85714285714286;4.75;1.4;3.77777777777778;3.66666666666667;2;4.75;2;3.25;1
308;"9";"8";"Meisje";13.26834;"Nederland";"Nederlander";"Vmbo";"completed";"smallgroup";7;1;"Ik heb een Android (bijv. Samsung, Motorla, Huawei)";"Minder dan  1 dag  per week";1;10;"1 dag";"1 dag";"Nooit";"Nooit";1;1;0;0;"INAL5W1";"none";94;1;8;NA;1;1;15;80;22;1;1;1;100;4.42857142857143;1.85714285714286;5;1.2;4.77777777777778;1;1;5;5;5;1
184;"3";"8";"Meisje";13.10059;"Nederland";"Nederlander";"Vwo (Atheneum/Gymnasium)";"completed";"public";6;7;"Ik heb een Android (bijv. Samsung, Motorla, Huawei)";"7 keer  per week";10;30;"7 dagen";"Nooit";"7 dagen";"3 dagen";10;0;1;0;"INAL2W1";"one";350;2;9;7;4;2;15;102;102;1;1;1;100;3.14285714285714;2.71428571428571;4;1.4;3.22222222222222;2;1.6;3.5;2;2.25;1
227;"19";"8";"Meisje";13.43473;"Nederland";"Nederlander";"Vmbo";"completed";NA;7;1;"Ik heb een Android (bijv. Samsung, Motorla, Huawei)";"7 keer  per week";6;30;"7 dagen";"1 dag";"Nooit";"1 dag";2;1;0;1;"INAL5W1";"none";431;6;7;6;5;5;3;115;113;0;1;1;100;3.42857142857143;2.28571428571429;3.75;2.8;3;4.66666666666667;2.2;4;0;3.25;2
144;"2";"8";"Meisje";13.01595;"Nederland";"Nederlander";"Vwo (Atheneum/Gymnasium)";"completed";NA;6;8;"Ik heb een Android (bijv. Samsung, Motorla, Huawei)";"7 keer  per week";6;45;"7 dagen";"4 dagen";"3 dagen";"3 dagen";7;2;3;3;NA;"one";450;2;8;NA;4;2;10;111;100;0;1;0;95;3.85714285714286;2.28571428571429;4.75;1.2;3.77777777777778;2.33333333333333;3;4.75;0;5;1
265;"4";"8";"Jongen";13.93325;"Nederland";"Nederlander";"Havo";"completed";"smallgroup";4;5;"Ik heb een Android (bijv. Samsung, Motorla, Huawei)";"7 keer  per week";8;15;"7 dagen";"Nooit";"Nooit";"Nooit";4;0;0;0;"INAL2W1,INAL3W1,INAL4W1";"none";310;1;NA;NA;2;2;12;90;107;1;1;1;97;3.57142857142857;2.71428571428571;4;2.4;2.88888888888889;2.33333333333333;3.2;3.5;4;3.25;3.25
32;"22";"8";"Meisje";13.01615;"Nederland";"Nederlander";"Havo";"completed";NA;7;8;"Ik heb een iPhone";"7 keer  per week";5;100;"7 dagen";"1 dag";"7 dagen";"7 dagen";4;1;3;3;NA;"multiple";2400;3;7;7;4;3;9;69;48;0;0;1;94;4;1.42857142857143;4;2.4;3.66666666666667;3;2.6;4.25;3;4.25;1.25
306;"13";"8";"Meisje";13.68708;"Nederland";"Nederlander";"Vmbo";"completed";NA;7;1;"Ik heb een Android (bijv. Samsung, Motorla, Huawei)";"7 keer  per week";15;100;"7 dagen";"5 dagen";"7 dagen";"7 dagen";22;1;10;12;NA;"multiple";538;4;6;7;6;5;12;91;46;0;1;0;98;4.71428571428571;1.71428571428571;4.5;1.2;3.22222222222222;5;2.4;4;5;2.5;3
257;"16";"8";"Meisje";13.2683;"Nederland";"Nederlander";"Vmbo";"completed";NA;5;7;"Ik heb een Android (bijv. Samsung, Motorla, Huawei)";"7 keer  per week";4;3;"7 dagen";"2 dagen";"6 dagen";"2 dagen";2;1;3;1;NA;"one";480;4;5;6;5;5;6;85;96;0;1;0;100;3.57142857142857;2;4;3.2;3.66666666666667;4.33333333333333;3.6;4.5;3;3.5;1.25
120;"19";"8";"Meisje";13.60175;"Nederland";"Nederlander";"Vmbo";"completed";NA;6;7;"Ik heb een Android (bijv. Samsung, Motorla, Huawei)";"7 keer  per week";15;300;"7 dagen";"1 dag";"1 dag";"1 dag";20;4;2;2;NA;"multiple";610;4;7;6;3;2;7;90;47;0;1;1;82;3.57142857142857;2.42857142857143;3.75;3.2;2.22222222222222;2;2.8;3.75;1;3;2
294;"20";"8";"Meisje";13.6865;"Nederland";"Nederlander";"Vwo (Atheneum/Gymnasium)";"completed";NA;5;6;"Ik heb een Android (bijv. Samsung, Motorla, Huawei)";"7 keer  per week";6;10;"7 dagen";"Nooit";"1 dag";"1 dag";6;0;2;2;"INAL2W1";"none";243;6;8;NA;6;6;2;120;121;0;1;0;100;3.14285714285714;2.71428571428571;3;2.8;3.11111111111111;7;3.8;3.25;3;3;1
316;"9";"8";"Jongen";13.35281;"Nederland";"Nederlander";"Vmbo";"completed";NA;7;1;"Ik heb een Android (bijv. Samsung, Motorla, Huawei)";"2 keer  per week";1;3;"1 dag";"Nooit";"Nooit";"1 dag";1;0;0;1;"INAL5W1";"none";56;1;8;NA;1;2;17;60;NA;0;1;0;81;4;3;4.25;1.2;4;2;1.2;4.5;3;3.5;1
153;"3";"8";"Meisje";13.84802;"Nederland";"Nederlander";"Havo";"completed";NA;7;1;"Ik heb een iPhone";"7 keer  per week";5;120;"7 dagen";"1 dag";"1 dag";"1 dag";3;1;2;3;NA;"one";350;3;7;5;4;4;9;111;116;0;0;1;99;3.85714285714286;1.28571428571429;5;1;3.33333333333333;2;2.6;5;4;1;1
54;"15";"8";"Meisje";13.76327;"Nederland";"Nederlander";"Vwo (Atheneum/Gymnasium)";"completed";NA;6;9;"Ik heb een iPhone";"3 keer  per week";2;5;"3 dagen";"Nooit";"Nooit";"Nooit";2;0;0;0;"INAL3W1";"none";220;2;NA;NA;NA;NA;20;113;106;0;1;0;100;4;1.28571428571429;4.5;1;4.55555555555556;2.33333333333333;1.4;4.25;4;4;1
298;"22";"8";"Meisje";13.51984;"Nederland";"Nederlander";"Havo";"completed";"public";5;7;"Ik heb een iPhone";"7 keer  per week";10;300;"7 dagen";"4 dagen";"7 dagen";"7 dagen";20;2;10;10;NA;"one";900;5;5;5;6;5;8;98;74;1;1;1;100;2.85714285714286;3.42857142857143;3.25;2.2;2.44444444444444;3;4.2;3.75;5;3.25;1.75
45;"16";"8";"Jongen";13.6022;"Nederland";"Nederlander";"Vmbo";"completed";"public";7;1;"Ik heb een iPhone";"7 keer  per week";3;50;"7 dagen";"Nooit";"Nooit";"Nooit";7;0;0;0;"INAL2W1,INAL3W1,INAL4W1";"none";660;3;NA;NA;4;4;15;107;59;1;1;1;100;4.85714285714286;1;5;1;3.11111111111111;1;2.6;4;1;3;5
250;"3";"8";"Jongen";13.60162;"Nederland";"Nederlander";"Vwo (Atheneum/Gymnasium)";"completed";NA;5;7;"Ik heb een iPhone";"7 keer  per week";3;30;"7 dagen";"Nooit";"Nooit";"Nooit";3;0;0;0;"INAL2W1,INAL3W1,INAL4W1";"none";160;2;NA;NA;4;2;8;99;103;0;1;0;100;3.71428571428571;1.42857142857143;4.5;1;3.22222222222222;1.33333333333333;1.6;4.5;1;2.25;3
78;"4";"8";"Jongen";13.43474;"Nederland";"Nederlander";"Havo";"completed";NA;7;1;"Ik heb een Android (bijv. Samsung, Motorla, Huawei)";"7 keer  per week";1;15;"7 dagen";"Nooit";"Nooit";"Nooit";1;0;0;0;"INAL2W1";"none";300;3;NA;NA;1;1;8;41;NA;0;1;0;95;4.71428571428571;1.42857142857143;4.75;1;3.22222222222222;4.66666666666667;2.8;3;0;2.25;1
384;"3";"8";"Meisje";13.9329;"Nederland";"Nederlander";"Havo";"completed";NA;4;5;"Ik heb een Android (bijv. Samsung, Motorla, Huawei)";"7 keer  per week";3;30;"6 dagen";"1 dag";"Nooit";"Nooit";3;1;0;0;"INAL3W1,INAL4W1";"one";250;4;6;6;5;3;5;89;79;0;0;0;97;3.14285714285714;2.28571428571429;2.75;1.8;3.88888888888889;4.33333333333333;2.2;4.5;2;4.25;2
385;"2";"8";"Meisje";13.84828;"Nederland";"Nederlander";"Vwo (Atheneum/Gymnasium)";"completed";"smallgroup";6;8;"Ik heb een iPhone";"7 keer  per week";8;60;"7 dagen";"Nooit";"Nooit";"Nooit";8;0;0;0;"INAL5W1";"none";250;1;NA;NA;NA;NA;4;109;118;1;1;1;100;4;3;4.25;2.4;4.55555555555556;7;2.8;3.25;4;4.25;3
262;"4";"8";"Meisje";13.35282;"Nederland";"Nederlander";"Havo";"completed";NA;7;1;"Ik heb een iPhone";"7 keer  per week";20;60;"7 dagen";"1 dag";"4 dagen";"4 dagen";30;1;3;3;NA;"none";300;2;7;7;5;2;20;105;42;0;1;0;100;4.14285714285714;2;4.5;1;3;3;2.4;5;3;4;1
72;"16";"8";"Jongen";13.84873;"Nederland";"Nederlander";"Vmbo";"completed";"other";7;1;"Ik heb een Android (bijv. Samsung, Motorla, Huawei)";"7 keer  per week";2;5;"7 dagen";"Nooit";"3 dagen";"3 dagen";2;0;1;1;"INAL2W1";"none";240;5;7;6;6;5;8;99;107;1;1;1;100;4.28571428571429;1.14285714285714;5;1;4.33333333333333;2.33333333333333;1.4;4.25;2;5;1
25;"16";"8";"Jongen";13.68701;"Nederland";"Nederlander";"Vmbo";"completed";NA;4;6;"Ik heb een iPhone";"Nooit";0;0;"7777";"7777";"7777";"9999";7777;7777;7777;7777;NA;"none";7777;NA;NA;NA;NA;NA;5;109;97;0;1;0;73;2.71428571428571;3;4;1.8;4.33333333333333;3.33333333333333;1.8;3.75;5;3.25;1.75
152;"19";"8";"Meisje";13.84815;"Nederland";"Nederlander";"Vmbo";"completed";NA;7;1;"Ik heb een iPhone";"7 keer  per week";1;5;"6 dagen";"1 dag";"Nooit";"1 dag";1;0;1;0;"INAL3W1";"none";279;1;2;6;6;1;4;95;52;0;1;0;72;3.14285714285714;2.57142857142857;4;1;4.44444444444444;2.33333333333333;1.6;4.75;2;4.5;1
305;"2";"8";"Meisje";13.26783;"Nederland";"Nederlander";"Vwo (Atheneum/Gymnasium)";"completed";NA;6;9;"Ik heb een Android (bijv. Samsung, Motorla, Huawei)";"7 keer  per week";3;40;"6 dagen";"1 dag";"1 dag";"1 dag";2;1;1;1;NA;"none";460;4;5;5;5;4;8;83;84;0;1;0;100;3.71428571428571;1.57142857142857;4.5;1.2;3.55555555555556;4;2.6;4.25;3;2.25;1.5
118;"4";"8";"Meisje";13.43494;"Nederland";"Nederlander";"Havo";"completed";"smallgroup";7;6;"Ik heb een Android (bijv. Samsung, Motorla, Huawei)";"7 keer  per week";5;5;"7 dagen";"Nooit";"Nooit";"Nooit";5;0;0;0;"INAL2W1,INAL3W1,INAL4W1";"one";220;1;NA;NA;3;1;7;81;67;1;1;1;100;3.85714285714286;2.57142857142857;3;1;4.77777777777778;5;1.6;4.25;3;3;2.75
155;"25";"8";"Meisje";14.01561;"Nederland";"Nederlander";"Vmbo";"attrition";NA;7;1;"Ik heb een iPhone";"7 keer  per week";3;120;"7 dagen";"1 dag";"2 dagen";"2 dagen";3;1;1;1;NA;"one";400;4;6;6;6;4;11;61;NA;0;0;0;81;4.42857142857143;2.42857142857143;5;1;4.33333333333333;1;2.8;4.5;0;3;1
212;"16";"8";"Meisje";13.01642;"Nederland";"Nederlander";"Vmbo";"completed";"smallgroup";6;8;"Ik heb een iPhone";"7 keer  per week";4;30;"7 dagen";"5 dagen";"5 dagen";"1 dag";3;1;2;1;NA;"one";300;4;8;NA;4;4;4;103;111;1;1;1;100;3.85714285714286;2;4.5;2.2;4.11111111111111;3.66666666666667;1.8;4;0;4;1
293;"3";"8";"Jongen";13.35247;"Nederland";"Nederlander";"Vwo (Atheneum/Gymnasium)";"completed";"public";6;9;"Ik heb een Android (bijv. Samsung, Motorla, Huawei)";"7 keer  per week";6;60;"7 dagen";"Nooit";"Nooit";"Nooit";2;0;0;0;"INAL3W1,INAL4W1";"none";550;3;NA;NA;6;3;8;115;111;1;1;1;100;4.28571428571429;1.57142857142857;4.25;1;3.77777777777778;2;1.6;4.25;2;2.5;2
290;"20";"8";"Jongen";13.43474;"Nederland";"Nederlander";"Vwo (Atheneum/Gymnasium)";"completed";NA;6;1;"Ik heb een Android (bijv. Samsung, Motorla, Huawei)";"6 keer  per week";4;30;"7 dagen";"1 dag";"1 dag";"1 dag";4;1;1;2;NA;"one";50;1;9;6;3;3;5;79;30;0;1;0;94;3.71428571428571;1.85714285714286;4.75;1;3.66666666666667;2.33333333333333;2;4.25;5;3.5;1
270;"4";"8";"Jongen";13.84836;"Nederland";"Nederlander";"Havo";"completed";NA;7;9;"Ik heb een Android (bijv. Samsung, Motorla, Huawei)";"7 keer  per week";5;50;"6 dagen";"1 dag";"4 dagen";"4 dagen";20;0;5;5;NA;"none";400;3;7;5;4;4;10;100;95;0;1;0;100;4.57142857142857;2.14285714285714;5;1.6;4.22222222222222;2;2.2;4.25;1;2.75;1
115;"13";"8";"Jongen";14.18265;"Nederland";"Nederlander";"Vmbo";"attrition";NA;7;1;"Ik heb een iPhone";"7 keer  per week";8;30;"7 dagen";"1 dag";"Nooit";"3 dagen";10;1;0;2;"INAL3W1";"one";606;1;7;7;4;4;7;52;NA;0;0;0;50;4.85714285714286;1.28571428571429;4;3.4;3.66666666666667;1.33333333333333;1.6;4.25;4;2;2
26;"20";"8";"Jongen";13.01595;"Nederland";"Nederlander";"Vwo (Atheneum/Gymnasium)";"completed";"public";6;6;"Ik heb een Android (bijv. Samsung, Motorla, Huawei)";"7 keer  per week";4;30;"7 dagen";"Nooit";"Nooit";"Nooit";2;0;0;0;"INAL3W1,INAL4W1";"none";320;3;NA;NA;6;2;8;90;114;1;1;1;98;4.14285714285714;1.14285714285714;4.5;2.4;3.88888888888889;3.33333333333333;1.4;4.25;3;3;2.25
30;"22";"8";"Meisje";13.35283;"Nederland";"Nederlander";"Havo";"completed";NA;5;8;"Ik heb een Android (bijv. Samsung, Motorla, Huawei)";"7 keer  per week";5;20;"7 dagen";"Nooit";"Nooit";"Nooit";3;1;1;1;"INAL2W1,INAL3W1,INAL4W1";"none";430;4;NA;NA;6;5;15;116;117;0;1;0;100;3.71428571428571;2;3.5;1.6;3.22222222222222;4.33333333333333;2.4;4.25;3;3;1
122;"9";"8";"Meisje";12.93433;"Nederland";"Nederlander";"Vmbo";"completed";NA;7;9;"Ik heb een Android (bijv. Samsung, Motorla, Huawei)";"4 keer  per week";3;5;"1 dag";"1 dag";"1 dag";"1 dag";2;1;3;1;NA;"multiple";530;1;8;NA;1;1;6;106;11;0;1;0;100;4.57142857142857;1.85714285714286;4.25;1.2;4.33333333333333;2;1.6;4.25;5;3;2
337;"15";"8";"Meisje";13.35264;"Nederland";"Nederlander";"Vwo (Atheneum/Gymnasium)";"completed";"public";6;7;"Ik heb een Android (bijv. Samsung, Motorla, Huawei)";"7 keer  per week";3;15;"7 dagen";"1 dag";"1 dag";"2 dagen";2;1;1;2;NA;"none";385;1;7;7;2;1;8;105;99;1;0;1;99;3.57142857142857;2.57142857142857;3.5;1.6;3.88888888888889;4;1.2;3.75;4;4;1.5
36;"20";"8";"Meisje";12.84893;"Nederland";"Nederlander";"Vwo (Atheneum/Gymnasium)";"completed";NA;7;1;"Ik heb een Android (bijv. Samsung, Motorla, Huawei)";"7 keer  per week";10;30;"7 dagen";"Nooit";"2 dagen";"1 dag";10;0;1;1;"INAL2W1";"one";300;1;8;NA;2;1;12;111;115;0;1;0;100;2.85714285714286;1.14285714285714;4.25;1;4;1.33333333333333;2.2;4;3;4.25;1
70;"19";"8";"Meisje";13.51961;"Nederland";"Nederlander";"Vmbo";"completed";NA;6;9;"Ik heb een Android (bijv. Samsung, Motorla, Huawei)";"7 keer  per week";3;60;"7 dagen";"1 dag";"Nooit";"Nooit";4;1;0;0;"INAL5W1";"none";130;1;6;6;2;2;5;65;63;0;1;0;94;3.42857142857143;2.85714285714286;4.25;2;4.55555555555556;3;1.6;4;5;2.25;1
14;"2";"8";"Meisje";13.7634;"Nederland";"Nederlander";"Vwo (Atheneum/Gymnasium)";"completed";NA;7;9;"Ik heb een iPhone";"7 keer  per week";4;60;"7 dagen";"1 dag";"Nooit";"Nooit";3;1;0;0;"INAL3W1,INAL4W1";"none";700;2;8;NA;5;2;14;103;47;0;1;0;100;2.85714285714286;2.71428571428571;4.25;1.2;4.55555555555556;5;1.8;4;2;5;1
199;"4";"8";"Meisje";13.7635;"Nederland";"Nederlander";"Havo";"completed";NA;7;1;"Ik heb een iPhone";"7 keer  per week";5;50;"7 dagen";"1 dag";"Nooit";"Nooit";5;1;0;0;"INAL3W1,INAL4W1";"multiple";480;4;7;2;6;2;10;117;89;0;1;0;100;3.71428571428571;1.85714285714286;4.75;3.6;3.44444444444444;3.33333333333333;2.8;4.5;2;3.25;1.75
253;"22";"8";"Meisje";13.52;"Nederland";"Nederlander";"Havo";"completed";NA;4;6;"Ik heb een Android (bijv. Samsung, Motorla, Huawei)";"7 keer  per week";5;10;"7 dagen";"1 dag";"1 dag";"1 dag";11;1;1;2;NA;"none";500;1;9;4;2;1;6;114;69;0;1;0;94;3;2.14285714285714;4.75;1;4.77777777777778;1.33333333333333;2.4;4.25;1;1.25;1
204;"29";"8";"Jongen";13.26818;"Nederland";"Nederlander";"Vmbo";"completed";NA;7;1;"Ik heb een Android (bijv. Samsung, Motorla, Huawei)";"7 keer  per week";3;10;"7 dagen";"Nooit";"3 dagen";"3 dagen";3;0;2;1;"INAL2W1";"none";222;1;7;7;6;5;12;91;45;0;1;1;66;4.14285714285714;1.71428571428571;4.25;3.2;3.77777777777778;3;2.4;4.25;4;4.75;2.5
345;"16";"8";"Jongen";13.18348;"Nederland";"Nederlander";"Vmbo";"completed";NA;6;8;"Ik heb een Android (bijv. Samsung, Motorla, Huawei)";"7 keer  per week";3;2;"Nooit";"1 dag";"7 dagen";"2 dagen";0;0;1;2;"INAL1W1";"one";406;2;6;4;4;1;3;93;87;0;1;0;100;4.42857142857143;2.85714285714286;4;1;3.55555555555556;2.33333333333333;2.8;4;4;3.5;2.75
133;"19";"8";"Jongen";14.35179;"Nederland";"Nederlander";"Vmbo";"completed";NA;4;7;"Ik heb een Android (bijv. Samsung, Motorla, Huawei)";"7 keer  per week";3;15;"Nooit";"Nooit";"7 dagen";"Nooit";0;0;10;0;"INAL1W1";"none";20;1;NA;NA;NA;NA;10;73;18;0;0;0;95;3.71428571428571;2.14285714285714;3.75;2.8;3.33333333333333;2.33333333333333;2.2;3.25;3;2;2
86;"2";"8";"Meisje";15.76476;"Nederland";"Nederlander";"Vwo (Atheneum/Gymnasium)";"completed";NA;7;7;"Ik heb een Android (bijv. Samsung, Motorla, Huawei)";"7 keer  per week";6;50;"7 dagen";"Nooit";"2 dagen";"1 dag";6;0;4;2;"INAL5W1";"none";100;2;8;NA;2;3;5;83;32;0;1;0;100;3.85714285714286;1.71428571428571;4.5;1.4;3.11111111111111;3.33333333333333;2.4;4;5;3.5;1.5
71;"4";"8";"Jongen";13.3528;"Nederland";"Nederlander";"Havo";"completed";NA;6;7;"Ik heb een Android (bijv. Samsung, Motorla, Huawei)";"7 keer  per week";5;15;"7 dagen";"1 dag";"1 dag";"1 dag";5;1;1;1;NA;"none";650;3;8;NA;5;2;5;53;95;0;0;0;91;4;2.28571428571429;5;1.4;2.55555555555556;3;2.6;3.75;2;2.75;1.75
256;"27";"8";"Meisje";13.18317;"Nederland";"Nederlander";"Havo";"completed";"smallgroup";6;9;"Ik heb een Android (bijv. Samsung, Motorla, Huawei)";"7 keer  per week";2;30;"7 dagen";"Nooit";"Nooit";"Nooit";2;0;0;0;"INAL2W1,INAL3W1,INAL4W1";"one";240;4;NA;NA;3;3;3;105;105;1;0;1;100;3.85714285714286;1.71428571428571;3.5;1;3.66666666666667;4;1.8;4.25;0;3;1
202;"13";"8";"Jongen";14.35237;"Nederland";"Nederlander";"Vmbo";"completed";NA;6;8;"Ik heb een Android (bijv. Samsung, Motorla, Huawei)";"7 keer  per week";7;15;"7 dagen";"Nooit";"Nooit";"1 dag";3;0;0;1;"INAL2W1";"none";450;4;8;NA;5;3;30;105;62;0;0;0;91;3.85714285714286;2.14285714285714;4.25;2.4;3.11111111111111;4;2.4;3.5;5;2;2.5
285;"9";"8";"Meisje";13.84873;"Nederland";"Nederlander";"Vmbo";"completed";NA;6;9;"Ik heb een Android (bijv. Samsung, Motorla, Huawei)";"7 keer  per week";4;30;"7 dagen";"2 dagen";"Nooit";"1 dag";2;1;0;2;"INAL5W1";"none";341;4;7;3;7;3;5;67;27;0;1;0;100;4.28571428571429;1.71428571428571;4.25;2.2;3.55555555555556;3.66666666666667;2.6;4;3;3.75;2
327;"30";"9";"Meisje";15.01721;"Nederland";"Nederlander";"Vwo (Atheneum/Gymnasium)";"completed";NA;5;4;"Ik heb een Android (bijv. Samsung, Motorla, Huawei)";"7 keer  per week";3;25;"7 dagen";"1 dag";"1 dag";"2 dagen";4;0;1;5;NA;"one";500;2;5;5;3;2;3;124;115;0;1;0;100;3.14285714285714;2.28571428571429;4.5;2.2;3.88888888888889;2.33333333333333;2;4.5;3;4.75;1.5
341;"24";"9";"Jongen";14.35489;"Nederland";"Nederlander";"Vmbo";"completed";NA;5;8;"Ik heb een Android (bijv. Samsung, Motorla, Huawei)";"7 keer  per week";3;20;"7 dagen";"Nooit";"7 dagen";"7 dagen";1;0;4;4;"INAL2W1";"one";550;2;6;6;1;5;10;113;116;0;1;0;94;3.14285714285714;3.57142857142857;2.5;3;3;2.33333333333333;2.6;4;4;2;3.5
197;"10";"9";"Jongen";14.85055;"Nederland";"Nederlander";"Vmbo";"attrition";NA;NA;NA;NA;"7 keer  per week";4;30;"7 dagen";"2 dagen";"1 dag";"1 dag";4;1;1;2;NA;"one";750;5;8;NA;6;6;40;105;NA;0;0;0;81;4.14285714285714;1.57142857142857;NA;NA;NA;5.66666666666667;3.8;4.25;0;NA;NA
318;"11";"9";"Meisje";15.18467;"Nederland";"Nederlander";"Vmbo";"completed";NA;6;9;"Ik heb een iPhone";"7 keer  per week";20;10;"7 dagen";"Nooit";"2 dagen";"6 dagen";20;0;4;4;"INAL2W1";"one";1800;4;6;5;6;4;5;79;47;0;1;0;100;3;2.71428571428571;5;2.6;3.11111111111111;6.66666666666667;4.2;4.5;2;4;1
354;"1";"9";"Meisje";14.60367;"Nederland";"Nederlander";"Vmbo";"completed";"smallgroup";7;1;"Ik heb een iPhone";"7 keer  per week";5;30;"7 dagen";"1 dag";"7 dagen";"7 dagen";10;0;5;5;NA;"none";550;1;8;NA;7;1;20;77;57;1;1;1;94;2.57142857142857;2;2.5;2;3.66666666666667;2;3.6;4.75;0;2;1
50;"5";"9";"Meisje";15.01719;"Nederland";"Nederlander";"Vmbo";"completed";"public";6;7;"Ik heb een iPhone";"7 keer  per week";4;60;"7 dagen";"1 dag";"7 dagen";"2 dagen";4;0;2;2;NA;"none";670;3;7;6;4;3;9;102;53;1;0;1;99;3.71428571428571;2.71428571428571;3.5;2;3.77777777777778;4.66666666666667;2.2;4;3;2;2
388;"1";"9";"Meisje";14.93495;"Nederland";"Nederlander";"Vmbo";"completed";"other";7;1;"Ik heb een iPhone";"7 keer  per week";5;30;"7 dagen";"Nooit";"Nooit";"4 dagen";5;0;0;5;"INAL2W1";"multiple";330;3;5;5;6;5;8;117;72;1;1;1;100;3.71428571428571;1.71428571428571;4.25;1;3.55555555555556;3.66666666666667;1.8;4.25;2;3.25;1.25
99;"28";"9";"Jongen";14.85029;"Nederland";"Nederlander";"Vmbo";"completed";"public";6;7;"Ik heb een Android (bijv. Samsung, Motorla, Huawei)";"7 keer  per week";7;40;"7 dagen";"3 dagen";"7 dagen";"5 dagen";120;1;2;2;NA;"one";680;3;6;6;4;1;10;73;26;1;0;1;68;3.57142857142857;2;4.5;1.8;3.22222222222222;4;3;3.75;2;1.25;1.5
166;"21";"9";"Jongen";16.27161;"Anders";"Nederlander";"Havo";"completed";NA;4;5;"Ik heb een iPhone";"7 keer  per week";25;25;"7 dagen";"Nooit";"4 dagen";"4 dagen";25;1;15;15;"INAL5W1";"one";450;2;8;NA;4;4;8;95;55;0;1;0;100;3;3;2.75;3;2.88888888888889;3.33333333333333;3.6;3.25;2;3;3
325;"6";"9";"Jongen";14.43711;"Nederland";"Nederlander";"Havo";"completed";"public";4;3;"Ik heb een iPhone";"7 keer  per week";2;15;"7 dagen";"Nooit";"Nooit";"Nooit";2;0;0;0;"INAL2W1";"none";500;1;NA;NA;3;3;6;117;99;1;0;1;99;3.71428571428571;2.57142857142857;5;2;4.55555555555556;2.33333333333333;2.4;3.75;0;2.5;1
243;"7";"9";"Meisje";14.85008;"Nederland";"Nederlander";"Havo";"completed";NA;4;6;"Ik heb een iPhone";"7 keer  per week";3;10;"7 dagen";"1 dag";"4 dagen";"5 dagen";3;1;2;2;NA;"none";510;4;7;6;6;6;2;113;52;0;1;0;100;3.71428571428571;3.14285714285714;4;1.2;2.55555555555556;3.66666666666667;3.6;4.5;1;2.5;1
280;"30";"9";"Meisje";15.10208;"Nederland";"Nederlander";"Vwo (Atheneum/Gymnasium)";"completed";NA;5;6;"Ik heb een Android (bijv. Samsung, Motorla, Huawei)";"7 keer  per week";4;20;"6 dagen";"Nooit";"2 dagen";"2 dagen";3;0;1;1;"INAL2W1";"one";298;2;8;NA;2;2;12;94;117;0;1;0;100;3.71428571428571;2.28571428571429;3.75;3;3.22222222222222;2;2;4.25;1;2.25;2.25
383;"8";"8";"Meisje";14.10286;"Nederland";"Nederlander";"Vmbo";"completed";"public";4;5;"Ik heb een Android (bijv. Samsung, Motorla, Huawei)";"7 keer  per week";6;30;"7 dagen";"1 dag";"4 dagen";"4 dagen";6;1;2;2;NA;"none";460;4;8;NA;5;5;3;40;65;1;0;1;97;2.85714285714286;2.71428571428571;1;4;2.33333333333333;4.66666666666667;3.6;4;2;3.25;3
48;"31";"9";"Meisje";14.35489;"Nederland";"Nederlander";"Vmbo";"completed";NA;3;2;"Ik heb een iPhone";"5 keer  per week";6;60;"7 dagen";"Nooit";"7 dagen";"2 dagen";7;1;5;2;"INAL2W1";"one";389;1;9;6;4;2;8;112;94;0;1;0;93;3.57142857142857;3.14285714285714;1.5;1.2;1.88888888888889;3.33333333333333;4;4.25;3;2.75;3.5
386;"10";"9";"Jongen";14.52197;"Nederland";"Nederlander";"Vmbo";"completed";"public";7;1;"Ik heb een iPhone";"4 keer  per week";1;60;"4 dagen";"1 dag";"3 dagen";"3 dagen";5;1;3;2;NA;"multiple";860;2;7;7;6;4;15;105;13;1;1;1;94;4.85714285714286;1.71428571428571;4;1;4.11111111111111;4.33333333333333;3.4;5;1;3;2.75
64;"18";"9";"Jongen";14.27036;"Nederland";"Nederlander";"Vwo (Atheneum/Gymnasium)";"completed";NA;6;9;"Ik heb een Android (bijv. Samsung, Motorla, Huawei)";"Nooit";0;0;"7777";"7777";"7777";"9999";7777;7777;7777;7777;NA;"none";7777;NA;NA;NA;NA;NA;15;92;93;0;1;1;100;3.85714285714286;2.28571428571429;4.5;1;4.22222222222222;1;2.2;3.5;2;1;4.5
258;"5";"9";"Jongen";14.52155;"Nederland";"Nederlander";"Vmbo";"completed";"other";3;1;"Ik heb een Android (bijv. Samsung, Motorla, Huawei)";"Nooit";0;0;"7777";"7777";"7777";"9999";7777;7777;7777;7777;NA;"none";7777;NA;NA;NA;NA;NA;16;104;89;1;1;1;100;2.57142857142857;3.57142857142857;1.5;3.2;2.66666666666667;1;3.4;4;2;2;5
121;"6";"9";"Jongen";14.4372;"Nederland";"Nederlander";"Havo";"completed";NA;7;9;"Ik heb een Android (bijv. Samsung, Motorla, Huawei)";"7 keer  per week";30;1080;"7 dagen";"Nooit";"7 dagen";"7 dagen";50;0;5;5;"INAL2W1";"none";1139;2;8;NA;2;4;4;117;114;0;1;0;94;3;2.57142857142857;3.75;3;2;3.66666666666667;2;3.75;2;2;1.75
326;"30";"9";"Meisje";14.60377;"Nederland";"Nederlander";"Vwo (Atheneum/Gymnasium)";"completed";NA;6;7;"Ik heb een iPhone";"7 keer  per week";30;60;"7 dagen";"1 dag";"7 dagen";"7 dagen";300;1;50;30;NA;"none";804;3;7;6;4;4;8;114;74;0;0;1;99;3.57142857142857;2.71428571428571;4;1.2;3;3.66666666666667;3.2;3.25;3;2.25;3
31;"24";"9";"Meisje";15.01729;"Nederland";"Nederlander";"Vmbo";"completed";"smallgroup";4;5;"Ik heb een Android (bijv. Samsung, Motorla, Huawei)";"7 keer  per week";3;10;"7 dagen";"Nooit";"Nooit";"Nooit";3;0;0;0;"INAL3W1,INAL4W1";"none";175;2;NA;NA;4;4;5;97;83;1;1;1;100;3.42857142857143;2.14285714285714;3.25;5;3.44444444444444;3.66666666666667;1.4;4.5;5;3;1
114;"6";"9";"Jongen";15.93745;"Nederland";"Nederlander";"Havo";"completed";NA;6;8;"Ik heb een Android (bijv. Samsung, Motorla, Huawei)";"7 keer  per week";4;30;"3 dagen";"Nooit";"1 dag";"Nooit";1;0;1;0;"INAL4W1";"none";894;3;NA;NA;2;3;6;107;111;0;1;1;100;3.28571428571429;2;4;1;2.77777777777778;2.33333333333333;2.8;3.5;2;2.5;1.25
46;"26";"9";"Jongen";14.93563;"Nederland";"Nederlander";"Vwo (Atheneum/Gymnasium)";"completed";NA;6;8;"Ik heb een Android (bijv. Samsung, Motorla, Huawei)";"Nooit";0;0;"7777";"7777";"7777";"9999";7777;7777;7777;7777;NA;"none";7777;NA;NA;NA;NA;NA;2;55;7;0;1;0;94;4.42857142857143;2.28571428571429;3.5;2;2.66666666666667;3.33333333333333;1.8;4;2;2.5;1
11;"1";"9";"Jongen";14.85007;"Nederland";"Nederlander";"Vmbo";"attrition";NA;6;8;"Ik heb een Android (bijv. Samsung, Motorla, Huawei)";"7 keer  per week";10;60;"7 dagen";"1 dag";"Nooit";"1 dag";8;2;2;3;"INAL3W1";"one";1014;4;7;6;5;6;12;93;15;0;0;0;88;4;2;4.5;1;2.55555555555556;3.66666666666667;3.4;4.25;1;1.75;1
220;"28";"9";"Jongen";14.35487;"Nederland";"Nederlander";"Vmbo";"completed";NA;7;1;"Ik heb een iPhone";"7 keer  per week";2;30;"7 dagen";"Nooit";"1 dag";"1 dag";2;0;1;1;"INAL2W1";"none";289;3;8;NA;4;3;10;97;72;0;1;0;100;4;2.42857142857143;3.5;1.2;3;3.66666666666667;1.6;4;3;3;2.75
317;"6";"9";"Meisje";14.60411;"Nederland";"Nederlander";"Havo";"completed";"smallgroup";7;1;"Ik heb een Android (bijv. Samsung, Motorla, Huawei)";"7 keer  per week";20;100;"7 dagen";"1 dag";"2 dagen";"2 dagen";20;1;1;1;NA;"multiple";760;3;4;4;5;5;5;112;93;1;1;1;100;3.28571428571429;2.85714285714286;3.5;1.6;2.33333333333333;3.33333333333333;2.4;3.75;3;2.5;2
156;"18";"9";"Meisje";14.68914;"Nederland";"Nederlander";"Vwo (Atheneum/Gymnasium)";"completed";NA;5;7;"Ik heb een iPhone";"5 keer  per week";6;15;"6 dagen";"Nooit";"Nooit";"Nooit";5;0;0;0;"INAL2W1,INAL4W1";"none";240;2;NA;NA;4;3;5;65;18;0;1;0;94;3.71428571428571;1.71428571428571;4.25;2;4.11111111111111;3.33333333333333;2.2;4.5;2;3.5;1
161;"7";"9";"Jongen";14.85008;"Anders";"Nederlander";"Havo";"completed";NA;7;8;"Ik heb een Android (bijv. Samsung, Motorla, Huawei)";"7 keer  per week";25;120;"7 dagen";"1 dag";"5 dagen";"1 dag";60;2;2;6;NA;"one";623;3;8;NA;4;3;8;114;104;0;1;0;100;4.28571428571429;1.42857142857143;4.25;1.4;4;1.66666666666667;3.2;3.5;1;3.5;1
375;"14";"9";"Meisje";15.35395;"Nederland";"Anders";"Vmbo";"completed";"smallgroup";3;4;"Ik heb een Android (bijv. Samsung, Motorla, Huawei)";"7 keer  per week";5;120;"7 dagen";"4 dagen";"7 dagen";"3 dagen";5;1;2;1;NA;"multiple";300;3;6;6;6;3;2;95;99;1;1;1;100;1.57142857142857;3.85714285714286;1.25;4;2.11111111111111;4.66666666666667;3.8;2.25;1;2.75;1
39;"6";"9";"Meisje";14.01797;"Nederland";"Nederlander";"Havo";"completed";"smallgroup";4;8;"Ik heb een iPhone";"7 keer  per week";3;5;"7 dagen";"3 dagen";"5 dagen";"5 dagen";3;1;3;3;NA;"none";622;3;6;6;4;3;12;108;93;1;0;1;100;4;1.71428571428571;4;3;3.44444444444444;2;2.2;5;2;3;2
60;"18";"9";"Meisje";14.18547;"Nederland";"Nederlander";"Vwo (Atheneum/Gymnasium)";"partially completed";NA;5;6;"Ik heb een iPhone";"7 keer  per week";6;10;"7 dagen";"Nooit";"5 dagen";"4 dagen";4;0;2;2;"INAL2W1";"none";520;3;8;NA;4;3;4;89;42;0;0;0;97;3.42857142857143;2.28571428571429;3.75;1.4;3;3.66666666666667;2.6;3.5;2;3;1
110;"7";"9";"Jongen";14.18479;"Nederland";"Nederlander";"Havo";"completed";"smallgroup";7;1;"Ik heb een Android (bijv. Samsung, Motorla, Huawei)";"7 keer  per week";5;60;"7 dagen";"1 dag";"7 dagen";"5 dagen";5;1;5;3;NA;"none";170;3;6;4;1;2;6;89;96;1;1;1;97;2.28571428571429;2.57142857142857;4.5;1.8;2.88888888888889;4.33333333333333;2.2;4.25;3;1.5;4
224;"5";"9";"Meisje";14.35464;"Nederland";"Anders";"Vmbo";"completed";NA;NA;NA;NA;"7 keer  per week";4;20;"7 dagen";"7 dagen";"7 dagen";"7 dagen";4;4;4;4;NA;"multiple";700;7;6;4;7;7;2;38;NA;0;1;0;66;3.14285714285714;3.28571428571429;NA;NA;NA;6;2;3.5;0;NA;NA
381;"6";"9";"Jongen";14.85052;"Nederland";"Nederlander";"Havo";"completed";NA;7;1;"Ik heb een Android (bijv. Samsung, Motorla, Huawei)";"7 keer  per week";5;60;"7 dagen";"Nooit";"4 dagen";"4 dagen";5;0;1;1;"INAL2W1";"none";800;2;7;7;4;4;4;92;20;0;0;0;91;4.28571428571429;1.71428571428571;5;1;3.55555555555556;2.66666666666667;2.8;4.75;1;1;2.25
158;"21";"9";"Meisje";13.93627;"Nederland";"Nederlander";"Havo";"completed";"public";5;7;"Ik heb een iPhone";"7 keer  per week";10;30;"7 dagen";"4 dagen";"7 dagen";"7 dagen";10;1;5;3;NA;"one";800;4;6;6;4;3;7;94;57;1;0;1;74;4;3.71428571428571;3.75;2.6;2.55555555555556;4;4;4.5;3;3.25;3
41;"7";"9";"Jongen";15.60299;"Nederland";"Nederlander";"Havo";"completed";NA;6;6;"Ik heb een Android (bijv. Samsung, Motorla, Huawei)";"1 keer  per week";1;3;"1 dag";"Nooit";"Nooit";"Nooit";1;0;0;0;"INAL2W1";"none";25;1;NA;NA;1;1;3;88;69;0;1;0;69;3.71428571428571;2.14285714285714;3.25;1.2;3.33333333333333;5.66666666666667;1.8;4;4;1.25;1
249;"30";"9";"Meisje";14.43676;"Nederland";"Nederlander";"Vwo (Atheneum/Gymnasium)";"completed";"smallgroup";4;5;"Ik heb een Android (bijv. Samsung, Motorla, Huawei)";"7 keer  per week";6;15;"7 dagen";"1 dag";"5 dagen";"5 dagen";5;1;7;7;NA;"multiple";1810;4;6;6;4;4;3;121;118;1;1;1;100;2.71428571428571;3.42857142857143;2.75;4.2;3.66666666666667;6;2.4;3.5;1;2.75;3
61;"17";"8";"Meisje";13.85099;"Nederland";"Nederlander";"Vmbo";"completed";"smallgroup";6;8;"Ik heb een Android (bijv. Samsung, Motorla, Huawei)";"7 keer  per week";10;80;"7 dagen";"Nooit";"1 dag";"1 dag";7;0;2;1;"INAL2W1";"multiple";300;2;7;6;4;2;6;101;92;1;1;1;100;3.85714285714286;2.42857142857143;3.5;2.4;3;2.66666666666667;2.2;4.75;2;4;1.75
367;"12";"9";"Jongen";15.18458;"Nederland";"Nederlander";"Vmbo";"completed";NA;7;1;"Ik heb een Android (bijv. Samsung, Motorla, Huawei)";"2 keer  per week";1;30;"1 dag";"Nooit";"1 dag";"1 dag";1;1;1;1;"INAL5W1";"none";400;2;8;NA;1;1;8;117;100;0;1;0;100;4.71428571428571;2.85714285714286;4.5;1;2.88888888888889;1.33333333333333;1.6;4.5;0;3;1
289;"11";"9";"Jongen";14.18532;"Nederland";"Nederlander";"Vmbo";"attrition";NA;NA;NA;NA;"7 keer  per week";8;40;"6 dagen";"1 dag";"5 dagen";"6 dagen";2;1;3;2;NA;"none";420;4;7;7;6;5;20;93;NA;0;0;0;38;4.14285714285714;1.28571428571429;NA;NA;NA;6;1.6;4.75;0;NA;NA
150;"26";"9";"Meisje";14.85079;"Nederland";"Nederlander";"Vwo (Atheneum/Gymnasium)";"completed";NA;6;8;"Ik heb een Android (bijv. Samsung, Motorla, Huawei)";"7 keer  per week";4;20;"7 dagen";"1 dag";"1 dag";"2 dagen";5;1;1;1;NA;"one";975;5;7;7;6;5;15;105;116;0;1;0;100;3.42857142857143;2.14285714285714;3.75;1.2;3.44444444444444;6;2;2.5;2;3;1
248;"7";"9";"Jongen";15.18416;"Nederland";"Nederlander";"Havo";"attrition";NA;6;8;"Ik heb een iPhone";"7 keer  per week";6;40;"7 dagen";"1 dag";"Nooit";"Nooit";6;1;0;0;"INAL3W1";"none";400;4;6;4;4;2;6;76;13;0;0;0;77;4.28571428571429;2.14285714285714;4.5;1.6;2.88888888888889;4;3.2;4.25;3;1.5;4
342;"28";"9";"Meisje";14.10298;"Nederland";"Nederlander";"Vmbo";"completed";"other";7;1;"Ik heb een Android (bijv. Samsung, Motorla, Huawei)";"7 keer  per week";6;120;"7 dagen";"Nooit";"4 dagen";"1 dag";6;0;4;1;"INAL2W1";"none";540;5;7;7;6;5;10;104;75;1;1;1;100;3.14285714285714;3.28571428571429;4.5;1;4.88888888888889;5;3.6;4.25;1;2.5;1
215;"11";"9";"Jongen";14.7658;"Nederland";"Nederlander";"Vmbo";"attrition";NA;1;0;"Ik heb een Android (bijv. Samsung, Motorla, Huawei)";"7 keer  per week";10;10;"7 dagen";"1 dag";"2 dagen";"2 dagen";6;1;2;2;NA;"none";700;3;8;NA;3;3;8;25;9;0;0;0;94;4.28571428571429;1.28571428571429;4.75;1;3.55555555555556;3.66666666666667;2;4.25;3;1;1
229;"26";"9";"Meisje";14.27034;"Nederland";"Nederlander";"Vwo (Atheneum/Gymnasium)";"completed";"other";7;9;"Ik heb een iPhone";"5 keer  per week";1;10;"6 dagen";"Nooit";"1 dag";"1 dag";1;0;2;2;"INAL2W1";"one";250;2;8;NA;3;4;8;110;104;1;0;1;99;4.42857142857143;1.42857142857143;5;1;4.33333333333333;3;2;4.75;1;3.75;1
105;"7";"9";"Jongen";14.7652;"Nederland";"Nederlander";"Havo";"completed";NA;6;1;"Ik heb een Android (bijv. Samsung, Motorla, Huawei)";"7 keer  per week";7;50;"7 dagen";"Nooit";"7 dagen";"7 dagen";8;0;6;4;"INAL5W1";"none";400;1;8;NA;4;4;9;105;83;0;1;1;100;4.42857142857143;1.14285714285714;4.5;1.4;2.66666666666667;1;3.2;4.25;1;1;2.25
35;"30";"9";"Meisje";14.43676;"Nederland";"Nederlander";"Vwo (Atheneum/Gymnasium)";"completed";NA;4;3;"Ik heb een iPhone";"7 keer  per week";2;30;"4 dagen";"1 dag";"1 dag";"1 dag";1;1;1;1;NA;"multiple";600;1;6;5;5;2;12;97;40;0;1;1;100;2.71428571428571;3.14285714285714;2.25;1;3;1;4;3.75;2;2.25;1
93;"17";"8";"Jongen";13.18567;"Nederland";"Nederlander";"Vmbo";"completed";NA;4;5;"Ik heb een Android (bijv. Samsung, Motorla, Huawei)";"7 keer  per week";4;30;"7 dagen";"Nooit";"1 dag";"4 dagen";3;0;1;4;"INAL2W1";"none";140;1;7;7;5;3;10;109;32;0;1;0;100;3.85714285714286;1.71428571428571;4.5;1;3;5;1.6;4.5;4;2.25;1
331;"28";"9";"Meisje";14.85041;"Nederland";"Anders";"Vmbo";"completed";NA;6;8;"Ik heb een iPhone";"7 keer  per week";10;20;"2 dagen";"Nooit";"2 dagen";"7 dagen";2;0;2;6;"INAL2W1";"none";440;2;7;6;4;4;10;120;110;0;1;0;100;3.71428571428571;2.14285714285714;4.5;1;4.11111111111111;2.66666666666667;3.6;4.5;0;3.25;1
131;"6";"9";"Jongen";15.93746;"Nederland";"Nederlander";"Havo";"completed";NA;6;8;"Ik heb een iPhone";"6 keer  per week";4;30;"7 dagen";"Nooit";"Nooit";"Nooit";2;0;0;0;"INAL2W1,INAL3W1,INAL4W1";"multiple";747;1;NA;NA;4;4;8;92;96;0;1;0;100;3.71428571428571;2.71428571428571;4.5;1.4;2.77777777777778;2.33333333333333;3;4;2;3.25;1.25
33;"23";"9";"Meisje";15.10265;"Nederland";"Nederlander";"Havo";"completed";"other";6;8;"Ik heb een Android (bijv. Samsung, Motorla, Huawei)";"5 keer  per week";3;15;"6 dagen";"Nooit";"Nooit";"Nooit";2;0;0;0;"INAL2W1";"none";260;1;NA;NA;3;1;6;98;84;1;1;1;100;3.85714285714286;1.71428571428571;4.5;1.8;3.11111111111111;3.33333333333333;1.4;4.5;3;3;2
101;"7";"9";"Meisje";13.93564;"Nederland";"Nederlander";"Havo";"completed";NA;5;8;"Ik heb een Android (bijv. Samsung, Motorla, Huawei)";"7 keer  per week";6;20;"7 dagen";"1 dag";"2 dagen";"2 dagen";5;1;2;2;NA;"none";382;4;7;6;7;3;3;84;26;0;1;0;100;3.57142857142857;2.57142857142857;2.75;2.8;1.66666666666667;3.33333333333333;3;4.5;4;3.25;1.5
244;"30";"9";"Meisje";15.01721;"Nederland";"Nederlander";"Vwo (Atheneum/Gymnasium)";"completed";NA;5;6;"Ik heb een iPhone";"7 keer  per week";4;30;"7 dagen";"3 dagen";"2 dagen";"2 dagen";4;1;1;1;NA;"none";550;2;7;1;4;1;8;114;97;0;1;0;100;3.42857142857143;1.71428571428571;3.5;2.2;3.66666666666667;2.66666666666667;2.4;3.75;2;3;1
329;"24";"9";"Jongen";14.43701;"Nederland";"Nederlander";"Vmbo";"completed";"public";5;7;"Ik heb een iPhone";"7 keer  per week";5;15;"7 dagen";"1 dag";"3 dagen";"1 dag";6;1;3;1;NA;"none";500;4;8;NA;5;4;6;101;88;1;0;1;93;3.85714285714286;2.71428571428571;3.25;2.8;2.44444444444444;3.66666666666667;3.2;3.75;2;3.25;2
387;"10";"9";"Jongen";14.35499;"Nederland";"Nederlander";"Vmbo";"completed";NA;7;1;"Ik heb een iPhone";"6 keer  per week";2;10;"6 dagen";"Nooit";"Nooit";"Nooit";1;0;0;0;"INAL2W1,INAL3W1,INAL4W1";"one";900;1;NA;NA;1;1;10;95;67;0;1;0;100;5;1.71428571428571;4.5;1;2.44444444444444;4;2.8;3.75;3;3.5;3.25
119;"21";"9";"Jongen";14.60421;"Nederland";"Nederlander";"Havo";"attrition";NA;6;7;"Ik heb een Android (bijv. Samsung, Motorla, Huawei)";"7 keer  per week";20;60;"Nooit";"Nooit";"7 dagen";"3 dagen";0;0;2;1;"INAL1W1";"none";110;1;8;NA;1;1;12;48;NA;0;0;0;62;3.14285714285714;2.85714285714286;4;2;2.22222222222222;3.33333333333333;2.8;4;3;1;4
369;"23";"9";"Jongen";15.10264;"Nederland";"Nederlander";"Havo";"completed";"public";5;6;"Ik heb een Android (bijv. Samsung, Motorla, Huawei)";"7 keer  per week";3;7;"7 dagen";"Nooit";"7 dagen";"5 dagen";2;0;2;1;"INAL2W1";"none";156;3;6;6;1;1;5;111;96;1;1;1;94;4;2.14285714285714;3.5;1.6;3.88888888888889;3;2.2;4.75;3;2.25;2.25
299;"1";"9";"Meisje";14.18479;"Nederland";"Nederlander";"Vmbo";"completed";"public";6;7;"Ik heb een iPhone";"7 keer  per week";5;20;"7 dagen";"Nooit";"1 dag";"1 dag";5;0;1;1;"INAL2W1";"none";160;2;9;6;3;2;8;86;62;1;1;1;100;3.85714285714286;2.28571428571429;3.75;2;3.88888888888889;4.33333333333333;1.8;4.25;5;3.75;1
370;"30";"9";"Meisje";14.18489;"Nederland";"Nederlander";"Vwo (Atheneum/Gymnasium)";"completed";NA;5;6;"Ik heb een iPhone";"7 keer  per week";2;30;"7 dagen";"Nooit";"Nooit";"Nooit";2;0;0;0;"INAL2W1,INAL3W1,INAL4W1";"one";480;4;NA;NA;6;5;20;109;78;0;1;1;100;4.14285714285714;1.28571428571429;4;2.2;2.33333333333333;4;2.2;4;0;2;2
364;"8";"8";"Jongen";14.01803;"Nederland";"Nederlander";"Vmbo";"completed";NA;5;8;"Ik heb een Android (bijv. Samsung, Motorla, Huawei)";"1 keer  per week";2;15;"1 dag";"Nooit";"Nooit";"Nooit";2;0;0;0;"INAL5W1";"none";200;1;NA;NA;NA;NA;12;105;99;0;1;0;100;4.14285714285714;1.57142857142857;4.5;1.2;2.77777777777778;3.33333333333333;2;3.75;3;2.5;1.5
196;"21";"9";"Jongen";14.01834;"Nederland";"Nederlander";"Havo";"completed";NA;6;8;"Ik heb een Android (bijv. Samsung, Motorla, Huawei)";"7 keer  per week";3;15;"7 dagen";"Nooit";"7 dagen";"4 dagen";2;0;5;1;"INAL5W1";"none";250;2;7;5;4;2;6;120;123;0;1;1;100;4.42857142857143;1.42857142857143;4.5;2.4;4.11111111111111;2;2.4;4.5;2;5;1
339;"18";"9";"Meisje";14.27033;"Nederland";"Nederlander";"Vwo (Atheneum/Gymnasium)";"completed";NA;5;7;"Ik heb een iPhone";"7 keer  per week";10;50;"7 dagen";"Nooit";"7 dagen";"7 dagen";10;0;2;1;"INAL2W1";"none";530;4;6;6;4;2;20;116;104;0;1;0;100;3.85714285714286;2.28571428571429;4.5;1;3;4;3.6;4.25;2;2.75;3
148;"7";"9";"Jongen";14.26973;"Nederland";"Nederlander";"Havo";"completed";NA;5;6;"Ik heb een iPhone";"Minder dan  1 dag  per week";1;9;"1 dag";"1 dag";"Nooit";"Nooit";1;1;0;0;"INAL5W1";"one";240;4;8;NA;6;4;3;84;15;0;1;0;100;3.71428571428571;3.14285714285714;5;2.4;2.55555555555556;2.33333333333333;3;4.25;2;3;1.5
181;"30";"9";"Meisje";15.1021;"Nederland";"Nederlander";"Vwo (Atheneum/Gymnasium)";"completed";NA;5;7;"Ik heb een Android (bijv. Samsung, Motorla, Huawei)";"6 keer  per week";2;10;"4 dagen";"1 dag";"4 dagen";"4 dagen";2;1;2;2;NA;"one";250;5;7;6;5;6;20;109;103;0;1;0;100;3.71428571428571;1.71428571428571;3.75;1.4;3.22222222222222;4;2.6;4.5;3;2.5;2.5
28;"8";"8";"Meisje";13.35543;"Nederland";"Nederlander";"Vmbo";"completed";NA;4;5;"Ik heb een iPhone";"7 keer  per week";5;180;"7 dagen";"1 dag";"7 dagen";"1 dag";2;1;3;1;NA;"multiple";200;1;5;4;2;1;3;71;42;0;0;1;89;3;2.57142857142857;3.5;1.6;1.88888888888889;2;2.8;4.5;3;3.5;3.5
222;"31";"9";"Meisje";14.60401;"Nederland";"Nederlander";"Vmbo";"completed";"public";6;8;"Ik heb een Android (bijv. Samsung, Motorla, Huawei)";"7 keer  per week";15;10;"7 dagen";"Nooit";"7 dagen";"7 dagen";10;0;10;10;"INAL2W1";"one";345;3;8;NA;4;4;5;99;114;1;1;1;100;3.71428571428571;4.14285714285714;4.25;1.4;3.22222222222222;4.33333333333333;3.6;4.5;2;2.5;1
139;"10";"9";"Jongen";14.18521;"Nederland";"Nederlander";"Vmbo";"completed";"public";6;8;"Ik heb een iPhone";"7 keer  per week";3;35;"6 dagen";"1 dag";"1 dag";"1 dag";2;1;1;2;NA;"none";263;4;8;NA;5;6;5;111;108;1;1;1;100;4.28571428571429;2.14285714285714;4;2;3.44444444444444;5;3;4.25;2;2.75;2.25
5;"21";"9";"Jongen";15.01764;"Nederland";"Nederlander";"Havo";"completed";NA;7;1;"Ik heb een iPhone";"7 keer  per week";6;30;"7 dagen";"Nooit";"7 dagen";"7 dagen";10;0;3;3;"INAL2W1";"none";329;1;9;7;1;1;10;121;56;0;1;0;81;2;3.28571428571429;4.5;1;3.22222222222222;7;2.6;4;4;1;1
53;"18";"9";"Jongen";14.01849;"Nederland";"Nederlander";"Vwo (Atheneum/Gymnasium)";"completed";NA;5;6;"Ik heb een Android (bijv. Samsung, Motorla, Huawei)";"Minder dan  1 dag  per week";2;5;"1 dag";"Nooit";"Nooit";"Nooit";1;0;0;0;"INAL3W1,INAL4W1";"none";50;1;NA;NA;2;1;4;70;79;0;1;0;88;3.85714285714286;1.57142857142857;4.5;1.4;3.33333333333333;1.66666666666667;2;3.75;0;2;1
320;"17";"8";"Meisje";14.10285;"Nederland";"Nederlander";"Vmbo";"completed";NA;7;7;"Ik heb een Android (bijv. Samsung, Motorla, Huawei)";"7 keer  per week";4;10;"Nooit";"Nooit";"2 dagen";"4 dagen";0;0;1;5;"INAL2W1";"one";270;4;6;4;5;4;15;107;67;0;0;1;96;4;2.14285714285714;4.5;1;4.22222222222222;2.33333333333333;2.4;4.5;3;4;1.5
62;"24";"9";"Jongen";14.52195;"Nederland";"Nederlander";"Vmbo";"completed";NA;7;1;"Ik heb een Android (bijv. Samsung, Motorla, Huawei)";"7 keer  per week";4;30;"7 dagen";"3 dagen";"7 dagen";"7 dagen";3;1;3;3;NA;"none";432;1;8;NA;1;1;25;68;31;0;1;0;100;4;2.57142857142857;5;1;4.33333333333333;1.33333333333333;2.6;4.75;2;4;1
351;"6";"9";"Meisje";14.01821;"Nederland";"Nederlander";"Havo";"completed";NA;5;3;"Ik heb een Android (bijv. Samsung, Motorla, Huawei)";"7 keer  per week";5;60;"7 dagen";"2 dagen";"3 dagen";"1 dag";5;2;2;3;NA;"multiple";227;4;7;7;5;3;10;103;83;0;1;0;91;2.28571428571429;3.28571428571429;1;3.2;2.33333333333333;4.66666666666667;1.8;4.25;3;3.25;1.5
68;"18";"9";"Meisje";14.52212;"Nederland";"Nederlander";"Vwo (Atheneum/Gymnasium)";"completed";NA;6;8;"Ik heb een Android (bijv. Samsung, Motorla, Huawei)";"7 keer  per week";8;30;"7 dagen";"Nooit";"Nooit";"Nooit";3;0;0;0;"INAL2W1,INAL3W1,INAL4W1";"none";300;2;NA;NA;3;2;5;110;39;0;1;0;94;4.14285714285714;2.71428571428571;4;2.2;3.88888888888889;5.66666666666667;2.2;4;1;2.25;1
267;"7";"9";"Meisje";14.43666;"Nederland";"Nederlander";"Havo";"completed";NA;6;8;"Ik heb een iPhone";"7 keer  per week";4;20;"7 dagen";"Nooit";"3 dagen";"Nooit";4;1;3;0;"INAL2W1,INAL4W1";"multiple";1070;4;NA;NA;5;5;30;95;72;0;1;0;76;3.85714285714286;2;4.5;1;3.22222222222222;3.66666666666667;3.4;5;2;3.25;1.5
380;"30";"9";"Jongen";14.26982;"Nederland";"Nederlander";"Vwo (Atheneum/Gymnasium)";"attrition";NA;NA;NA;NA;"6 keer  per week";2;15;"3 dagen";"Nooit";"Nooit";"Nooit";2;0;0;0;"INAL5W1";"none";150;1;NA;NA;NA;NA;12;68;NA;0;0;0;80;3.28571428571429;2.42857142857143;NA;NA;NA;3.33333333333333;2.8;4;0;NA;NA
292;"6";"9";"Jongen";14.43689;"Nederland";"Nederlander";"Havo";"completed";"public";5;6;"Ik heb een Android (bijv. Samsung, Motorla, Huawei)";"7 keer  per week";10;120;"7 dagen";"Nooit";"7 dagen";"4 dagen";200;0;15;10;"INAL2W1";"none";830;2;8;NA;1;4;3;121;119;1;1;1;100;2.71428571428571;2.85714285714286;4;1;3.44444444444444;7;3.6;4.25;0;1;1
123;"21";"9";"Meisje";14.85068;"Nederland";"Nederlander";"Havo";"completed";NA;6;8;"Ik heb een iPhone";"6 keer  per week";1;5;"5 dagen";"Nooit";"Nooit";"Nooit";4;0;0;0;"INAL2W1";"none";334;4;NA;NA;4;4;15;104;78;0;1;0;100;3.42857142857143;2.28571428571429;3.5;1.2;4.55555555555556;5;3.4;4.5;2;3;1
73;"26";"9";"Meisje";14.35522;"Nederland";"Nederlander";"Vwo (Atheneum/Gymnasium)";"completed";NA;6;8;"Ik heb een iPhone";"7 keer  per week";15;45;"7 dagen";"1 dag";"7 dagen";"6 dagen";10;1;2;2;NA;"none";400;6;7;6;5;5;14;78;52;0;1;0;100;3.85714285714286;3.28571428571429;3.25;2.4;3.44444444444444;4.66666666666667;3.6;3.75;3;2.25;2.5
151;"7";"9";"Jongen";15.01709;"Nederland";"Nederlander";"Havo";"completed";NA;5;7;"Ik heb een Android (bijv. Samsung, Motorla, Huawei)";"7 keer  per week";3;40;"7 dagen";"1 dag";"4 dagen";"6 dagen";5;1;4;3;NA;"one";132;3;6;5;5;3;6;107;50;0;1;1;94;3.42857142857143;2;4;2;3.77777777777778;4.33333333333333;2.8;4.75;2;2.75;1.5
59;"30";"9";"Meisje";14.68865;"Nederland";"Nederlander";"Vwo (Atheneum/Gymnasium)";"completed";"smallgroup";6;8;"Ik heb een iPhone";"7 keer  per week";25;60;"7 dagen";"Nooit";"7 dagen";"7 dagen";25;0;10;8;"INAL2W1";"multiple";1700;4;6;6;5;3;8;107;62;1;1;1;100;3;2.28571428571429;4.5;1.4;3.33333333333333;4;3;4.5;1;3.25;2
9;"31";"9";"Jongen";14.18501;"Nederland";"Nederlander";"Vmbo";"completed";"public";5;7;"Ik heb een iPhone";"7 keer  per week";4;5;"7 dagen";"Nooit";"Nooit";"Nooit";4;0;0;0;"INAL2W1,INAL4W1";"none";600;1;NA;NA;6;2;6;98;107;1;1;1;100;3.85714285714286;2.71428571428571;4.5;2.4;3.11111111111111;2;1.6;4;5;2;3
321;"26";"9";"Meisje";14.18549;"Nederland";"Nederlander";"Vwo (Atheneum/Gymnasium)";"completed";NA;5;6;"Ik heb een iPhone";"7 keer  per week";12;30;"7 dagen";"Nooit";"1 dag";"1 dag";7;0;1;1;"INAL2W1";"multiple";550;4;8;NA;7;4;19;102;107;0;0;1;99;2.85714285714286;2.42857142857143;3.25;3;3.11111111111111;5.33333333333333;2;4;2;3;1.5
138;"1";"9";"Jongen";15.1841;"Nederland";"Nederlander";"Vmbo";"completed";"smallgroup";6;7;"Ik heb een iPhone";"2 keer  per week";2;20;"2 dagen";"Nooit";"2 dagen";"Nooit";2;0;2;0;"INAL2W1,INAL4W1";"one";300;1;NA;NA;2;2;10;118;118;1;1;1;100;4.28571428571429;1.42857142857143;4.25;1.8;3.55555555555556;4;3.2;3.75;5;2.25;2
182;"30";"9";"Meisje";14.76531;"Nederland";"Nederlander";"Vwo (Atheneum/Gymnasium)";"completed";"public";5;7;"Ik heb een iPhone";"7 keer  per week";5;240;"7 dagen";"1 dag";"6 dagen";"6 dagen";6;1;5;5;NA;"multiple";1480;6;7;5;6;5;3;105;102;1;1;1;100;2.14285714285714;3;2.25;3.6;2;4.66666666666667;2.6;4.25;4;3;2.25
186;"17";"8";"Meisje";13.60459;"Nederland";"Nederlander";"Vmbo";"completed";NA;7;8;"Ik heb een iPhone";"6 keer  per week";1;10;"2 dagen";"Nooit";"1 dag";"Nooit";1;0;1;0;"INAL2W1";"none";100;1;NA;NA;6;2;6;108;101;0;1;0;100;3.85714285714286;1.71428571428571;4;1.6;3.44444444444444;4;2.2;4.25;3;4;2
218;"11";"9";"Jongen";14.52209;"Nederland";"Nederlander";"Vmbo";"completed";NA;5;8;"Ik heb een Android (bijv. Samsung, Motorla, Huawei)";"7 keer  per week";7;20;"7 dagen";"Nooit";"1 dag";"1 dag";10;0;1;2;"INAL2W1";"multiple";100;5;8;NA;4;5;2;107;13;1;1;1;50;3.14285714285714;2.85714285714286;3.25;3.4;2.33333333333333;5;2.2;3.5;1;2.5;5
193;"18";"9";"Meisje";14.76594;"Nederland";"Nederlander";"Vwo (Atheneum/Gymnasium)";"completed";NA;7;7;"Ik heb een iPhone";"6 keer  per week";2;8;"6 dagen";"Nooit";"6 dagen";"6 dagen";1;0;3;3;"INAL2W1";"multiple";1200;1;5;5;4;1;4;68;57;0;1;1;93;4;2.85714285714286;2.75;3;3;2;3;4.75;4;1.75;2
98;"1";"9";"Jongen";14.93495;"Nederland";"Nederlander";"Vmbo";"completed";NA;4;4;"Ik heb een Android (bijv. Samsung, Motorla, Huawei)";"7 keer  per week";5;60;"7 dagen";"Nooit";"7 dagen";"7 dagen";3;0;5;5;"INAL2W1";"none";270;2;5;6;4;4;8;118;116;0;0;0;98;4;1.42857142857143;4;1;3;2.66666666666667;3.6;3.75;1;3;2
176;"30";"9";"Meisje";14.43677;"Nederland";"Nederlander";"Vwo (Atheneum/Gymnasium)";"completed";NA;6;8;"Ik heb een iPhone";"7 keer  per week";5;45;"7 dagen";"2 dagen";"7 dagen";"7 dagen";3;1;1;1;NA;"none";321;4;6;5;4;4;6;108;12;0;1;0;88;3.42857142857143;1.85714285714286;4.5;1;2.88888888888889;1.66666666666667;3.2;4;2;3;2
79;"6";"9";"Jongen";14.6889;"Nederland";"Nederlander";"Havo";"completed";"public";7;1;"Ik heb een Android (bijv. Samsung, Motorla, Huawei)";"7 keer  per week";6;20;"7 dagen";"Nooit";"Nooit";"Nooit";2;0;0;0;"INAL2W1";"multiple";400;2;NA;NA;3;1;12;123;119;1;1;1;100;4.14285714285714;1.14285714285714;5;1;3.55555555555556;5;2.4;4.75;2;1.75;1
362;"11";"9";"Jongen";14.76578;"Nederland";"Nederlander";"Vmbo";"completed";NA;6;7;"Ik heb een Android (bijv. Samsung, Motorla, Huawei)";"7 keer  per week";2;30;"7 dagen";"Nooit";"3 dagen";"3 dagen";5;0;3;1;"INAL5W1";"one";420;3;8;NA;4;4;10;81;98;0;1;0;100;4.28571428571429;1.71428571428571;4.5;1;3.88888888888889;4;3.8;4;1;1;2
7;"23";"9";"Meisje";15.68856;"Nederland";"Nederlander";"Havo";"completed";NA;6;8;"Ik heb een Android (bijv. Samsung, Motorla, Huawei)";"6 keer  per week";6;30;"7 dagen";"Nooit";"Nooit";"Nooit";5;0;0;0;"INAL2W1,INAL3W1";"none";220;4;NA;NA;6;5;5;118;117;0;1;0;100;3.71428571428571;1.71428571428571;4.5;1.6;3.11111111111111;4;3.2;4.5;2;1.25;1
154;"30";"9";"Meisje";14.43677;"Nederland";"Nederlander";"Vwo (Atheneum/Gymnasium)";"completed";NA;6;8;"Ik heb een iPhone";"7 keer  per week";3;10;"7 dagen";"1 dag";"5 dagen";"5 dagen";6;1;3;3;NA;"none";550;2;8;NA;3;2;10;124;122;0;1;0;100;3.14285714285714;2.28571428571429;3.5;2.4;3.77777777777778;2.33333333333333;2.8;3.75;3;2.75;2
38;"8";"8";"Meisje";13.68947;"Nederland";"Nederlander";"Vmbo";"completed";NA;6;7;"Ik heb een Android (bijv. Samsung, Motorla, Huawei)";"7 keer  per week";8;50;"7 dagen";"3 dagen";"5 dagen";"5 dagen";120;2;3;3;NA;"multiple";900;5;8;NA;6;4;7;113;38;0;0;0;82;2.42857142857143;2.28571428571429;3.75;1.2;2.44444444444444;3;3.6;4.75;2;1.75;2.5
288;"6";"9";"Jongen";14.35497;"Nederland";"Nederlander";"Havo";"completed";"public";6;8;"Ik heb een Android (bijv. Samsung, Motorla, Huawei)";"7 keer  per week";1;15;"7 dagen";"Nooit";"7 dagen";"1 dag";2;0;1;1;"INAL5W1";"none";350;4;8;NA;4;4;4;105;108;1;1;1;100;3.42857142857143;2.42857142857143;4.5;1.8;3.66666666666667;4;2.2;4;2;2;3.5
22;"11";"9";"Jongen";14.7658;"Nederland";"Nederlander";"Vmbo";"completed";NA;7;1;"Ik heb een iPhone";"7 keer  per week";3;15;"7 dagen";"Nooit";"1 dag";"2 dagen";2;0;0;1;"INAL2W1";"none";500;4;6;6;5;4;10;98;51;0;1;0;100;4;1.85714285714286;3;3;3;3.66666666666667;2.6;4.25;3;2.25;2.75
88;"23";"9";"Meisje";14.52222;"Nederland";"Nederlander";"Havo";"completed";NA;3;5;"Ik heb een Android (bijv. Samsung, Motorla, Huawei)";"4 keer  per week";2;30;"3 dagen";"Nooit";"Nooit";"Nooit";1;0;0;0;"INAL2W1,INAL3W1,INAL4W1";"one";364;3;NA;NA;4;3;6;116;92;0;1;0;100;3.28571428571429;1.85714285714286;3.5;2;3.55555555555556;3;2;4.25;4;2.25;2
164;"1";"9";"Meisje";14.10264;"Nederland";"Nederlander";"Vmbo";"completed";NA;7;1;"Ik heb een Android (bijv. Samsung, Motorla, Huawei)";"Minder dan  1 dag  per week";1;5;"2 dagen";"Nooit";"Nooit";"Nooit";1;0;0;0;"INAL2W1,INAL3W1,INAL4W1";"none";57;1;NA;NA;4;1;4;72;45;0;1;0;100;5;1.57142857142857;5;1;3.44444444444444;5.33333333333333;1.6;4.5;1;4.25;1
241;"30";"9";"Meisje";14.60378;"Nederland";"Nederlander";"Vwo (Atheneum/Gymnasium)";"completed";NA;6;9;"Ik heb een Android (bijv. Samsung, Motorla, Huawei)";"7 keer  per week";5;10;"7 dagen";"Nooit";"Nooit";"1 dag";2;0;0;1;"INAL2W1,INAL3W1";"one";270;2;8;NA;3;2;10;115;122;0;1;0;100;3.85714285714286;1.71428571428571;4.25;1.4;4;2.66666666666667;2.2;4.75;0;2;1
100;"8";"8";"Jongen";13.43756;"Nederland";"Nederlander";"Vmbo";"completed";NA;7;1;"Ik heb een Android (bijv. Samsung, Motorla, Huawei)";"7 keer  per week";2;10;"7 dagen";"1 dag";"1 dag";"1 dag";5;1;1;1;NA;"one";300;1;7;7;2;2;10;87;68;0;1;0;88;4;1.42857142857143;5;1;3.55555555555556;1;2.4;3.5;1;3.25;1
323;"28";"9";"Meisje";15.43631;"Nederland";"Nederlander";"Vmbo";"completed";NA;6;9;"Ik heb een iPhone";"7 keer  per week";3;25;"1 dag";"1 dag";"1 dag";"3 dagen";0;1;1;1;NA;"multiple";223;5;6;5;5;6;9;98;66;0;1;0;100;3.57142857142857;3;3.5;3.2;3.66666666666667;5.33333333333333;3;3.75;1;3.25;2
286;"10";"9";"Jongen";15.01754;"Nederland";"Nederlander";"Vmbo";"completed";NA;6;7;"Ik heb een iPhone";"7 keer  per week";7;53;"7 dagen";"Nooit";"1 dag";"Nooit";7;0;1;0;"INAL2W1,INAL4W1";"one";388;1;NA;NA;2;4;20;100;110;0;0;0;79;4.28571428571429;2.14285714285714;4.5;1.4;3;2.33333333333333;3.6;3.75;1;2.5;1
279;"18";"9";"Meisje";14.85079;"Nederland";"Nederlander";"Vwo (Atheneum/Gymnasium)";"completed";NA;6;8;"Ik heb een Android (bijv. Samsung, Motorla, Huawei)";"7 keer  per week";5;20;"4 dagen";"1 dag";"1 dag";"1 dag";3;1;1;3;NA;"multiple";1000;2;6;4;6;3;10;103;104;0;1;0;100;3.85714285714286;1.57142857142857;5;1.8;2.11111111111111;3.33333333333333;4.2;4.75;2;2.25;1
34;"5";"9";"Meisje";15.01709;"Nederland";"Nederlander";"Vmbo";"completed";"public";6;9;"Ik heb een iPhone";"7 keer  per week";7;30;"7 dagen";"1 dag";"7 dagen";"7 dagen";30;1;5;5;NA;"one";815;1;7;6;7;4;3;64;45;1;1;1;100;4.14285714285714;1.71428571428571;4.5;1.2;2.66666666666667;3;2.4;4.75;2;3.75;1.5
357;"24";"9";"Jongen";15.60334;"Nederland";"Nederlander";"Vmbo";"attrition";NA;7;1;"Ik heb een Android (bijv. Samsung, Motorla, Huawei)";"7 keer  per week";3;20;"1 dag";"Nooit";"Nooit";"7 dagen";1;0;0;7;"INAL2W1,INAL3W1";"multiple";224;1;8;NA;5;5;4;71;6;0;0;0;56;3.28571428571429;2;3;1;3.88888888888889;2;1.4;4.75;2;5;1
247;"7";"9";"Meisje";13.93564;"Nederland";"Nederlander";"Havo";"completed";"other";6;8;"Ik heb een Android (bijv. Samsung, Motorla, Huawei)";"7 keer  per week";3;20;"7 dagen";"Nooit";"Nooit";"Nooit";2;0;0;0;"INAL2W1,INAL3W1";"none";200;2;NA;NA;4;2;2;95;84;1;0;1;80;2.85714285714286;2.85714285714286;3.25;2.4;3;4.66666666666667;3.2;4;1;4;1.5
214;"30";"9";"Meisje";15.10206;"Nederland";"Nederlander";"Vwo (Atheneum/Gymnasium)";"partially completed";NA;6;6;"Ik heb een Android (bijv. Samsung, Motorla, Huawei)";"7 keer  per week";8;40;"7 dagen";"2 dagen";"7 dagen";"7 dagen";10;1;8;8;NA;"none";450;2;7;7;5;3;13;84;22;0;0;0;76;3.71428571428571;2.42857142857143;4.25;1.4;3.11111111111111;3;3.2;4;3;2.5;2.25
96;"24";"9";"Jongen";14.68889;"Nederland";"Nederlander";"Vmbo";"completed";NA;7;1;"Ik heb een iPhone";"5 keer  per week";4;20;"7 dagen";"Nooit";"Nooit";"1 dag";4;0;0;5;"INAL2W1,INAL3W1";"one";404;2;7;7;2;1;4;101;34;0;1;0;100;3.71428571428571;2;5;2.2;3.22222222222222;3;1.8;4;3;4;2.5
344;"10";"9";"Jongen";14.68901;"Nederland";"Nederlander";"Vmbo";"completed";NA;3;6;"Ik heb een iPhone";"7 keer  per week";5;60;"7 dagen";"1 dag";"Nooit";"1 dag";5;1;1;2;"INAL3W1";"none";700;2;8;NA;4;2;13;99;104;0;1;0;100;4;1.42857142857143;2.5;2.8;2.77777777777778;1.33333333333333;3;4;2;4.5;4
295;"30";"9";"Meisje";15.10196;"Nederland";"Nederlander";"Vwo (Atheneum/Gymnasium)";"completed";NA;6;6;"Ik heb een iPhone";"7 keer  per week";4;45;"7 dagen";"Nooit";"7 dagen";"7 dagen";4;0;20;20;"INAL2W1";"none";937;1;7;7;3;3;10;63;52;0;1;0;87;3.14285714285714;2.71428571428571;4;2;2.66666666666667;2.66666666666667;2.4;4.25;4;3;1.5
92;"17";"8";"Meisje";13.43759;"Nederland";"Nederlander";"Vmbo";"completed";NA;5;7;"Ik heb een iPhone";"7 keer  per week";5;45;"7 dagen";"1 dag";"Nooit";"2 dagen";5;1;0;3;"INAL3W1";"multiple";840;4;6;6;5;5;5;85;37;0;1;0;100;3.42857142857143;2.57142857142857;3.25;2.8;3.44444444444444;5;2.4;3.75;5;3.5;2.5
165;"21";"9";"Meisje";14.68907;"Nederland";"Nederlander";"Havo";"completed";"public";4;5;"Ik heb een iPhone";"7 keer  per week";5;5;"7 dagen";"Nooit";"2 dagen";"6 dagen";4;0;1;2;"INAL2W1";"one";724;3;6;6;5;6;8;84;19;1;0;1;100;3.57142857142857;2.85714285714286;2;3.8;2.22222222222222;6;3.2;3.25;1;2.5;2.25
271;"23";"9";"Meisje";14.18548;"Nederland";"Nederlander";"Havo";"completed";NA;4;6;"Ik heb een Android (bijv. Samsung, Motorla, Huawei)";"5 keer  per week";3;30;"5 dagen";"Nooit";"5 dagen";"5 dagen";3;0;5;5;"INAL2W1";"multiple";251;4;8;NA;5;5;4;95;106;0;1;0;100;2.14285714285714;3.14285714285714;2;4.6;4;6;3.2;4.75;2;2.5;1
297;"17";"8";"Meisje";13.85102;"Nederland";"Nederlander";"Vmbo";"completed";NA;7;1;"Ik heb een iPhone";"7 keer  per week";4;10;"7 dagen";"Nooit";"Nooit";"1 dag";3;0;0;1;"INAL2W1,INAL3W1";"none";700;1;8;NA;4;3;8;116;87;0;0;1;98;4;2.42857142857143;4.25;1.4;3.55555555555556;3;2;4.25;3;4;1.5
15;"28";"9";"Meisje";14.68891;"Nederland";"Nederlander";"Vmbo";"completed";NA;NA;NA;NA;"7 keer  per week";5;60;"7 dagen";"1 dag";"3 dagen";"7 dagen";5;2;2;7;NA;"multiple";1500;4;7;7;4;4;7;95;NA;0;1;0;50;3.57142857142857;2.57142857142857;NA;NA;NA;2.33333333333333;3.2;3.5;0;NA;NA
65;"6";"9";"Meisje";14.35498;"Nederland";"Nederlander";"Havo";"completed";"smallgroup";5;7;"Ik heb een Android (bijv. Samsung, Motorla, Huawei)";"7 keer  per week";5;30;"7 dagen";"7 dagen";"7 dagen";"7 dagen";3;5;3;3;NA;"multiple";700;2;7;6;5;1;9;107;104;1;1;1;100;4.14285714285714;2.14285714285714;3.75;2.2;2.44444444444444;3.66666666666667;3;4.75;1;2.75;1.5
209;"21";"9";"Meisje";14.01837;"Nederland";"Nederlander";"Havo";"completed";NA;4;7;"Ik heb een iPhone";"7 keer  per week";20;180;"7 dagen";"1 dag";"7 dagen";"7 dagen";8;1;5;5;NA;"one";750;3;7;6;5;3;9;71;46;0;1;0;100;3.57142857142857;2.57142857142857;3.75;3.4;3.33333333333333;4;3.6;3.75;2;2.25;1.25
347;"23";"9";"Jongen";15.10267;"Nederland";"Nederlander";"Havo";"completed";NA;7;1;"Ik heb een Android (bijv. Samsung, Motorla, Huawei)";"Nooit";0;0;"7777";"7777";"7777";"9999";7777;7777;7777;7777;NA;"none";7777;NA;NA;NA;NA;NA;12;88;68;0;1;0;94;3.71428571428571;1.71428571428571;3.75;1;3.66666666666667;2.66666666666667;1.8;4.75;3;2.5;2
276;"7";"9";"Meisje";14.68854;"Nederland";"Anders";"Havo";"completed";"other";6;7;"Ik heb een iPhone";"7 keer  per week";8;90;"7 dagen";"1 dag";"7 dagen";"5 dagen";10;1;3;3;NA;"none";927;4;8;NA;3;3;30;114;69;1;1;1;100;3.85714285714286;2.14285714285714;4.25;1;3.33333333333333;3.66666666666667;4;5;1;2;1
254;"30";"9";"Meisje";14.52165;"Nederland";"Nederlander";"Vwo (Atheneum/Gymnasium)";"completed";NA;6;1;"Ik heb een iPhone";"7 keer  per week";5;45;"7 dagen";"Nooit";"7 dagen";"7 dagen";1;0;2;2;"INAL2W1";"one";600;3;7;6;3;5;7;97;69;0;1;0;100;3.42857142857143;2.28571428571429;4.5;1;4;5.33333333333333;2;4;1;4;1
231;"28";"9";"Meisje";14.93533;"Nederland";"Nederlander";"Vmbo";"completed";NA;6;1;"Ik heb een Android (bijv. Samsung, Motorla, Huawei)";"7 keer  per week";6;140;"7 dagen";"2 dagen";"6 dagen";"5 dagen";5;2;4;4;NA;"multiple";419;5;7;6;6;5;8;103;95;0;1;1;100;3.28571428571429;3.42857142857143;3.75;1.4;3.22222222222222;4.66666666666667;2.4;4.25;0;3.25;1
141;"6";"9";"Meisje";14.35496;"Nederland";"Nederlander";"Havo";"completed";NA;6;8;"Ik heb een Android (bijv. Samsung, Motorla, Huawei)";"7 keer  per week";25;150;"7 dagen";"Nooit";"Nooit";"Nooit";50;0;0;0;"INAL2W1,INAL3W1,INAL4W1";"none";508;3;NA;NA;7;3;5;111;103;0;1;0;88;3;2.71428571428571;4;2.6;3.44444444444444;5.33333333333333;3;4.25;1;2.25;3
117;"21";"9";"Meisje";14.35513;"Nederland";"Nederlander";"Havo";"completed";NA;6;1;"Ik heb een iPhone";"7 keer  per week";10;30;"7 dagen";"Nooit";"Nooit";"3 dagen";10;0;0;2;"INAL2W1,INAL3W1";"none";981;2;8;NA;5;4;8;82;25;0;1;0;100;3.85714285714286;2.28571428571429;3;2;1.77777777777778;2.33333333333333;5;4;1;2.5;1
219;"30";"9";"Jongen";14.43678;"Nederland";"Nederlander";"Vwo (Atheneum/Gymnasium)";"completed";"smallgroup";6;8;"Ik heb een Android (bijv. Samsung, Motorla, Huawei)";"7 keer  per week";20;90;"7 dagen";"Nooit";"7 dagen";"7 dagen";10;0;3;3;"INAL2W1";"none";150;3;6;6;4;4;7;116;111;1;1;1;100;3.28571428571429;2.42857142857143;3.5;1.2;3.33333333333333;4;3.4;4.5;2;3;3
273;"24";"9";"Meisje";14.18502;"Nederland";"Nederlander";"Vmbo";"completed";NA;5;4;"Ik heb een iPhone";"7 keer  per week";5;35;"7 dagen";"Nooit";"1 dag";"1 dag";5;0;1;1;"INAL2W1";"one";952;5;8;NA;6;5;6;93;40;0;1;1;100;3.71428571428571;3;3.5;2;2.88888888888889;5.33333333333333;2.2;4;2;2.75;2
126;"21";"9";"Meisje";14.43726;"Nederland";"Nederlander";"Havo";"completed";"smallgroup";4;4;"Ik heb een iPhone";"7 keer  per week";9;45;"7 dagen";"2 dagen";"7 dagen";"6 dagen";50;1;2;2;NA;"multiple";430;4;7;6;2;4;6;97;64;1;0;1;93;2.71428571428571;3;2.5;2.8;2.77777777777778;5;2.6;4;1;3.25;3.25
97;"30";"9";"Meisje";14.18491;"Nederland";"Nederlander";"Vwo (Atheneum/Gymnasium)";"completed";NA;3;0;"Ik heb een Android (bijv. Samsung, Motorla, Huawei)";"5 keer  per week";2;10;"7 dagen";"Nooit";"4 dagen";"Nooit";2;0;1;0;"INAL5W1";"none";20;1;NA;NA;NA;NA;5;124;122;0;1;0;100;2.42857142857143;3.71428571428571;2;4.8;3.33333333333333;3;1.4;3.25;3;2.25;2
21;"6";"9";"Jongen";14.43719;"Nederland";"Nederlander";"Havo";"attrition";NA;6;7;"Ik heb een Android (bijv. Samsung, Motorla, Huawei)";"7 keer  per week";4;20;"7 dagen";"Nooit";"1 dag";"1 dag";3;0;1;1;"INAL2W1";"none";335;4;8;NA;4;5;6;108;62;0;0;0;94;3.57142857142857;2.14285714285714;3;2.8;3.22222222222222;4.33333333333333;3.2;3.75;4;2.75;2.75
302;"21";"9";"Meisje";14.35512;"Nederland";"Nederlander";"Havo";"completed";"public";5;7;"Ik heb een iPhone";"7 keer  per week";4;30;"7 dagen";"1 dag";"7 dagen";"7 dagen";3;1;4;3;NA;"one";422;5;6;2;7;5;10;114;87;1;1;1;94;3.28571428571429;2;4;2.4;3.44444444444444;4;3;4.5;1;2.5;2
108;"26";"9";"Jongen";14.52225;"Nederland";"Nederlander";"Vwo (Atheneum/Gymnasium)";"completed";"smallgroup";3;3;"Ik heb een Android (bijv. Samsung, Motorla, Huawei)";"3 keer  per week";3;15;"4 dagen";"Nooit";"Nooit";"Nooit";1;0;0;0;"INAL2W1,INAL3W1,INAL4W1";"none";650;3;NA;NA;5;3;20;108;115;1;1;1;100;3.42857142857143;3.14285714285714;2.75;3;3;4.33333333333333;2.2;4.75;4;3.5;4.25
352;"1";"9";"Jongen";14.52154;"Nederland";"Nederlander";"Vmbo";"completed";NA;5;8;"Ik heb een Android (bijv. Samsung, Motorla, Huawei)";"7 keer  per week";4;40;"7 dagen";"Nooit";"Nooit";"Nooit";4;0;0;0;"INAL5W1";"none";45;1;NA;NA;NA;NA;4;49;44;0;1;0;94;3.85714285714286;1.57142857142857;4.5;1.6;3.22222222222222;3.33333333333333;3.2;4.5;1;2;2
107;"24";"9";"Meisje";15.1843;"Nederland";"Nederlander";"Vmbo";"completed";"other";4;5;"Ik heb een iPhone";"7 keer  per week";5;46;"7 dagen";"Nooit";"Nooit";"7 dagen";10;0;0;5;"INAL5W1";"none";410;5;8;NA;7;5;2;110;95;1;0;1;99;3.57142857142857;3.42857142857143;3.25;3.2;3.88888888888889;4;2.4;3.5;5;1.25;1.5
365;"6";"9";"Meisje";14.68898;"Nederland";"Nederlander";"Havo";"completed";"public";3;5;"Ik heb een Android (bijv. Samsung, Motorla, Huawei)";"7 keer  per week";4;60;"7 dagen";"1 dag";"7 dagen";"5 dagen";4;1;4;30;NA;"none";365;3;7;5;5;5;3;118;111;1;1;1;100;2.71428571428571;2.14285714285714;1.5;3.6;2.66666666666667;4.66666666666667;3;4.5;1;1.25;5
185;"21";"9";"Meisje";14.68914;"Nederland";"Nederlander";"Havo";"completed";"public";6;9;"Ik heb een iPhone";"7 keer  per week";5;40;"7 dagen";"Nooit";"5 dagen";"5 dagen";6;0;4;4;"INAL2W1";"none";1500;1;8;NA;4;3;6;90;58;1;0;1;92;4.14285714285714;2.85714285714286;4.25;2.6;3.22222222222222;3.66666666666667;2.8;4.5;0;4.25;2
180;"8";"8";"Meisje";13.5308;"Nederland";"Nederlander";"Vmbo";"completed";NA;7;1;"Ik heb een iPhone";"7 keer  per week";8;30;"7 dagen";"Nooit";"2 dagen";"2 dagen";8;0;2;2;"INAL2W1";"none";450;3;7;7;7;3;4;76;69;0;0;1;99;4;2.42857142857143;4;1;4.22222222222222;3;3.2;4.25;5;3;1
10;"27";"8";"Jongen";13.77447;"Nederland";"Nederlander";"Havo";"attrition";NA;4;6;"Ik heb een Android (bijv. Samsung, Motorla, Huawei)";"Minder dan  1 dag  per week";1;6;"Nooit";"Nooit";"Nooit";"Nooit";0;0;0;0;"INAL5W1";"none";27;1;NA;NA;NA;NA;2;87;39;0;0;0;92;3.71428571428571;1.28571428571429;4.5;1.6;3.55555555555556;2.33333333333333;1.8;4.25;3;3;1.5
343;"21";"9";"Meisje";15.6116;"Nederland";"Nederlander";"Havo";"completed";NA;7;1;"Ik heb een iPhone";"1 keer  per week";1;5;"1 dag";"Nooit";"Nooit";"Nooit";1;0;0;0;"INAL5W1";"multiple";300;4;NA;NA;NA;NA;7;89;102;0;1;1;100;5;3.85714285714286;5;2;3;1;1;5;0;1;5
287;"29";"8";"Jongen";14.77378;"Anders";"Nederlander";"Vmbo";"completed";NA;3;3;"Ik heb een Android (bijv. Samsung, Motorla, Huawei)";"Minder dan  1 dag  per week";0;10;"Nooit";"Nooit";"Nooit";"1 dag";0;0;0;2;"INAL5W1";"one";60;4;8;NA;6;6;3;59;64;0;1;1;100;3.57142857142857;2.28571428571429;3.5;3.2;3.33333333333333;4.33333333333333;3.2;3.75;2;3.75;2.75
366;"15";"8";"Meisje";13.36379;"Nederland";"Nederlander";"Vwo (Atheneum/Gymnasium)";"completed";"smallgroup";4;1;"Ik heb een Android (bijv. Samsung, Motorla, Huawei)";"7 keer  per week";4;10;"6 dagen";"Nooit";"1 dag";"Nooit";4;0;1;0;"INAL5W1";"none";150;1;NA;NA;NA;NA;8;102;94;1;0;1;99;3.28571428571429;2.57142857142857;4.25;1.4;4.33333333333333;1.66666666666667;1.6;5;3;5;1
291;"23";"9";"Meisje";15.61156;"Anders";"Anders";"Havo";"completed";"public";4;5;"Ik heb een iPhone";"7 keer  per week";6;200;"7 dagen";"7 dagen";"7 dagen";"7 dagen";8;4;10;10;NA;"multiple";1450;3;6;7;5;5;6;124;107;1;1;1;100;3.57142857142857;3.42857142857143;3;3;3;4;4.8;3;2;3;3
174;"21";"9";"Meisje";14.6972;"Nederland";"Nederlander";"Havo";"completed";NA;NA;NA;NA;"7 keer  per week";6;5;"7 dagen";"Nooit";"2 dagen";"1 dag";5;0;1;1;"INAL2W1";"one";680;3;9;7;2;3;6;61;NA;0;1;0;75;3.71428571428571;2.42857142857143;NA;NA;NA;3.66666666666667;3;4.25;0;NA;NA
210;"17";"8";"Meisje";13.94421;"Nederland";"Nederlander";"Vmbo";"completed";NA;6;9;"Ik heb een Android (bijv. Samsung, Motorla, Huawei)";"5 keer  per week";4;10;"5 dagen";"Nooit";"Nooit";"Nooit";3;0;0;0;"INAL2W1,INAL3W1";"none";81;2;NA;NA;3;2;8;113;66;0;1;0;100;4.57142857142857;1.57142857142857;4.75;1;3.11111111111111;4;2.4;4.25;0;3.25;2
56;"17";"8";"Jongen";13.36379;"Nederland";"Nederlander";"Vmbo";"completed";NA;4;8;"Ik heb een Android (bijv. Samsung, Motorla, Huawei)";"Minder dan  1 dag  per week";1;5;"Nooit";"Nooit";"2 dagen";"2 dagen";0;0;2;1;"INAL1W1";"none";65;2;8;NA;5;3;2;83;88;0;1;0;94;3.42857142857143;1.14285714285714;2.75;3.6;2.66666666666667;4.33333333333333;1.8;4.5;1;3;2.75
309;"10";"9";"Jongen";15.44768;"Anders";"Anders";"Vmbo";"attrition";NA;3;2;"Ik heb een iPhone";"7 keer  per week";4;30;"7 dagen";"1 dag";"7 dagen";"7 dagen";2;1;1;2;NA;"multiple";650;4;8;NA;7;5;5;62;NA;0;0;0;81;2.57142857142857;2;3;4.2;3.11111111111111;4.66666666666667;3.4;4;1;4;3
330;"6";"9";"Meisje";14.28144;"Anders";"Anders";"Havo";"completed";NA;4;5;"Ik heb een Android (bijv. Samsung, Motorla, Huawei)";"7 keer  per week";4;30;"7 dagen";"Nooit";"7 dagen";"7 dagen";4;0;30;30;"INAL2W1";"one";300;1;8;NA;6;4;4;96;105;0;1;0;100;2.85714285714286;3.42857142857143;3.5;1.8;3.22222222222222;3;1.6;4.25;3;2;1
192;"24";"9";"Jongen";15.02888;"Nederland";"Nederlander";"Vmbo";"completed";NA;4;7;"Ik heb een iPhone";"7 keer  per week";3;20;"5 dagen";"7 dagen";"6 dagen";"5 dagen";2;3;4;1;NA;"none";152;4;4;4;5;5;3;110;102;0;1;0;100;3.42857142857143;2.71428571428571;3.5;3;3;4;2.2;4;0;3;2
245;"8";"8";"Meisje";13.11513;"Nederland";"Nederlander";"Vmbo";"completed";NA;7;9;"Ik heb een Android (bijv. Samsung, Motorla, Huawei)";"7 keer  per week";3;15;"7 dagen";"1 dag";"3 dagen";"3 dagen";2;1;1;1;NA;"multiple";500;3;7;7;4;2;5;114;118;1;1;0;100;4.28571428571429;1;4.5;1;4.11111111111111;5;3.2;4.75;0;2.25;1.75
24;"8";"8";"Meisje";13.86259;"Nederland";"Nederlander";"Vmbo";"completed";NA;6;9;"Ik heb een Android (bijv. Samsung, Motorla, Huawei)";"7 keer  per week";9;180;"7 dagen";"2 dagen";"4 dagen";"4 dagen";9;1;4;4;NA;"one";850;6;7;7;7;7;14;93;110;1;1;0;98;3.85714285714286;1.85714285714286;4.5;1;3.22222222222222;3.33333333333333;3.8;4.25;0;4;1
314;"4";"8";"Meisje";13.11791;"Nederland";"Nederlander";"Havo";"completed";"smallgroup";6;8;"Ik heb een iPhone";"7 keer  per week";3;20;"5 dagen";"1 dag";"2 dagen";"1 dag";2;1;1;1;NA;"none";325;2;7;6;4;3;9;80;85;1;1;1;94;3.71428571428571;1.28571428571429;4.5;1;3.33333333333333;2.66666666666667;1.8;5;3;4;1
335;"3";"8";"Meisje";13.78056;"Nederland";"Nederlander";"Vwo (Atheneum/Gymnasium)";"completed";"smallgroup";4;7;"Ik heb een iPhone";"7 keer  per week";3;30;"7 dagen";"Nooit";"4 dagen";"4 dagen";3;0;1;1;"INAL2W1";"none";625;4;6;5;6;5;5;96;75;1;1;1;100;3;2.57142857142857;3.75;2.6;3.77777777777778;5.33333333333333;3;4.25;2;2.5;2
281;"16";"8";"Jongen";13.36992;"Nederland";"Nederlander";"Vmbo";"completed";NA;7;1;"Ik heb een Android (bijv. Samsung, Motorla, Huawei)";"7 keer  per week";7;50;"7 dagen";"Nooit";"Nooit";"Nooit";7;0;0;0;"INAL5W1";"one";320;4;NA;NA;NA;NA;10;119;111;0;1;0;100;4.14285714285714;1.28571428571429;4.5;2;3.77777777777778;4.33333333333333;1.4;4.75;3;2;2
